AGE min (yrs),AGE max (yrs),"d18O values corrected for sea-level change and altitude change of the location, where the snow was originally deposited. Temporal change of altitude is included."
97,107,-44.26
107,116,-43.39
116,125,-44.54
125,135,-45.19
135,144,-44.04
144,154,-44.86
154,164,-45.83
164,173,-46.07
173,183,-45.59
183,193,-44.49
193,202,-44.94
202,212,-45.45
212,222,-44.63
222,232,-45.11
232,242,-44.92
242,252,-46.52
252,263,-44.62
263,273,-44.05
273,284,-44.25
284,295,-45.54
295,305,-45.31
305,316,-44.96
316,327,-45.03
327,337,-45.8
337,348,-44.59
348,359,-44.65
359,370,-44.72
370,381,-43.94
381,392,-44.12
392,404,-46.15
404,414,-45.69
414,425,-45.44
425,436,-46.02
436,446,-45.01
446,457,-45.64
457,468,-46.16
468,479,-46.5
479,491,-44.53
491,502,-44.76
502,514,-44.99
514,526,-45.24
526,539,-46.09
539,551,-45.34
551,563,-44.88
563,575,-45.43
575,588,-45.15
588,600,-45.66
600,612,-44.32
612,624,-44.79
624,636,-44.03
636,648,-45.45
648,660,-45.71
660,673,-45.73
673,686,-46.12
686,699,-45.78
699,711,-44.28
711,724,-45.9
724,737,-45.98
737,750,-44.74
750,763,-45.24
763,775,-44.13
775,787,-44.94
787,800,-44.19
800,812,-44.75
812,824,-44.5
824,836,-45.52
836,847,-45.35
847,859,-45.43
859,872,-44.13
872,886,-44.78
886,899,-44.27
899,913,-44.82
913,927,-44.95
927,942,-45.09
942,956,-45.32
956,970,-45.66
970,985,-44.7
985,999,-44.32
999,1013,-44.51
1013,1027,-44.57
1027,1041,-44.7
1041,1055,-44.64
1055,1069,-45.19
1069,1083,-44.94
1083,1097,-44.72
1097,1111,-44.56
1111,1126,-44.39
1126,1140,-40.61
1140,1153,-41.39
1153,1167,-44.12
1167,1180,-45.47
1180,1193,-41.39
1193,1206,-45.04
1206,1219,-44.36
1219,1233,-44.76
1233,1246,-45.98
1246,1260,-44.44
1260,1273,-44.47
1273,1287,-45.93
1287,1300,-45.63
1300,1313,-45.36
1313,1327,-44.53
1327,1340,-44.7
1340,1352,-42.18
1352,1358,-45.67
1358,1364,-45.7
1364,1369,-43.78
1369,1375,-45.29
1375,1381,-44.15
1381,1388,-42.73
1388,1395,-44.94
1395,1402,-43.9
1402,1411,-46.14
1411,1419,-44.81
1419,1428,-44.89
1428,1436,-44.81
1436,1444,-45.37
1444,1452,-44.41
1452,1459,-43.13
1459,1466,-44.39
1466,1473,-42.72
1473,1480,-43.9
1480,1487,-46.3
1487,1494,-45.79
1494,1502,-46.1
1502,1509,-45.05
1509,1516,-44.68
1516,1523,-44.82
1523,1530,-45.78
1530,1537,-44.74
1537,1544,-44.85
1544,1551,-44.14
1551,1558,-45.19
1558,1565,-45.65
1565,1572,-44.82
1572,1579,-44.98
1579,1586,-43.16
1586,1594,-43.75
1594,1601,-44.6
1601,1608,-45.44
1608,1616,-46.06
1616,1623,-43.99
1623,1631,-43.33
1631,1638,-44.15
1638,1646,-46.14
1646,1653,-44.98
1653,1660,-45.2
1660,1667,-44.85
1667,1673,-43.52
1673,1680,-44.5
1680,1687,-44.21
1687,1694,-44.02
1694,1701,-43.78
1701,1709,-44.07
1709,1716,-45.27
1716,1724,-45.08
1724,1731,-45.86
1731,1739,-44.14
1739,1746,-45.29
1746,1754,-44.5
1754,1761,-44.41
1761,1768,-45.24
1768,1775,-45.05
1775,1782,-44.65
1782,1789,-45.08
1789,1797,-44.52
1797,1804,-42.34
1804,1812,-44.08
1812,1821,-44.13
1821,1829,-44.45
1829,1837,-43.77
1837,1846,-43.8
1846,1854,-45.23
1854,1862,-44.04
1862,1870,-45.29
1870,1878,-45.92
1878,1886,-44.84
1886,1894,-45.88
1894,1902,-45.07
1902,1910,-43.72
1910,1917,-44.34
1917,1925,-44.04
1925,1932,-43.76
1932,1939,-43.27
1939,1947,-44.15
1947,1954,-44.28
1954,1961,-44.65
1961,1968,-44.3
1968,1975,-44.14
1975,1982,-45.32
1982,1989,-44.69
1989,1996,-44.52
1996,2004,-43.18
2004,2011,-43.72
2011,2018,-45.34
2018,2026,-44.12
2026,2033,-43.09
2033,2041,-45.46
2041,2048,-43.45
2048,2055,-43.11
2055,2062,-45.39
2062,2069,-44.15
2069,2076,-43.89
2076,2083,-45.57
2083,2090,-45.56
2090,2098,-45.1
2098,2105,-45.9
2105,2112,-46.75
2112,2119,-43.71
2119,2126,-44.74
2126,2133,-44.19
2133,2141,-44.15
2141,2148,-45.45
2148,2155,-43.86
2155,2163,-43.4
2163,2171,-43.13
2171,2179,-42.06
2179,2186,-43.53
2186,2194,-45.6
2194,2202,-45.3
2202,2209,-45.51
2209,2216,-45.38
2216,2224,-45.49
2224,2231,-43.99
2231,2238,-44.06
2238,2246,-43.98
2246,2253,-43.8
2253,2260,-44.49
2260,2268,-42.81
2268,2276,-43.78
2276,2284,-45.21
2284,2292,-45.87
2292,2299,-44.43
2299,2307,-45.52
2307,2316,-44.95
2316,2326,-44.85
2326,2335,-43.84
2335,2345,-44.36
2345,2354,-43.65
2354,2363,-45.12
2363,2371,-44.8
2371,2380,-43.69
2380,2388,-43.81
2388,2397,-44.82
2397,2405,-44.27
2405,2414,-44.66
2414,2422,-43.8
2422,2431,-44.57
2431,2439,-43.82
2439,2448,-44.58
2448,2456,-45.3
2456,2465,-45.59
2465,2473,-44.41
2473,2481,-44.39
2481,2489,-45.83
2489,2497,-44.61
2497,2505,-44.34
2505,2513,-44.22
2513,2521,-44.74
2521,2529,-45.25
2529,2536,-44.25
2536,2544,-44.13
2544,2551,-44.78
2551,2559,-46.38
2559,2567,-45.12
2567,2575,-43.6
2575,2583,-45.37
2583,2590,-45.62
2590,2598,-45.08
2598,2606,-45.26
2606,2614,-43.28
2614,2621,-44.81
2621,2628,-43.72
2628,2636,-44.72
2636,2643,-44.8
2643,2650,-43.22
2650,2658,-43.87
2658,2666,-44.46
2666,2674,-45.17
2674,2682,-45.32
2682,2689,-44.33
2689,2697,-44.22
2697,2705,-43.84
2705,2713,-44.22
2713,2720,-43.28
2720,2728,-44.57
2728,2735,-44.37
2735,2743,-43.74
2743,2750,-44.34
2750,2757,-43.7
2757,2764,-45.54
2764,2772,-44.65
2772,2779,-43.72
2779,2786,-44.56
2786,2793,-44.7
2793,2800,-43.24
2800,2807,-42.66
2807,2814,-43.8
2814,2821,-44.13
2821,2828,-44.33
2828,2835,-44.95
2835,2842,-43.34
2842,2849,-44.08
2849,2856,-42.89
2856,2863,-43.99
2863,2871,-44.56
2871,2878,-43.98
2878,2886,-43.83
2886,2894,-43.02
2894,2901,-42.24
2901,2909,-44.43
2909,2916,-45
2916,2924,-44.19
2924,2931,-44.64
2931,2939,-44.22
2939,2946,-44.16
2946,2954,-44.05
2954,2961,-43.53
2961,2969,-43.93
2969,2977,-43.81
2977,2985,-44.24
2985,2993,-43.69
2993,3001,-44.77
3001,3009,-44.18
3009,3017,-44.39
3017,3024,-43.76
3024,3032,-44.94
3032,3040,-43.56
3040,3047,-45.28
3047,3055,-45.03
3055,3062,-45.58
3062,3070,-44.82
3070,3077,-44.46
3077,3085,-44.65
3085,3092,-43.21
3092,3099,-44.58
3099,3107,-44.46
3107,3114,-45.32
3114,3122,-45.2
3122,3129,-43.66
3129,3137,-43.83
3137,3144,-44.76
3144,3152,-45.15
3152,3159,-45.35
3159,3167,-44.84
3167,3175,-44.01
3175,3184,-43.29
3184,3193,-42.31
3193,3201,-44.55
3201,3210,-43.7
3210,3218,-44.5
3218,3226,-44.7
3226,3234,-44.12
3234,3243,-44.3
3243,3251,-44.08
3251,3259,-44.25
3259,3268,-45.37
3268,3276,-43.9
3276,3284,-45.29
3284,3292,-44.01
3292,3300,-44.25
3300,3308,-44.53
3308,3316,-44.36
3316,3324,-44.01
3324,3332,-43.59
3332,3340,-43.48
3340,3348,-43.85
3348,3357,-43.45
3357,3365,-44.28
3365,3373,-44.41
3373,3381,-43.92
3381,3389,-44.02
3389,3398,-43.3
3398,3406,-43.61
3406,3414,-44.15
3414,3422,-42.92
3422,3430,-43.07
3430,3438,-43.27
3438,3446,-44
3446,3455,-44.23
3455,3463,-44.97
3463,3471,-44.8
3471,3478,-45.21
3478,3486,-44.97
3486,3494,-44.46
3494,3502,-46.71
3502,3511,-43.5
3511,3519,-44.62
3519,3527,-43
3527,3535,-44.3
3535,3543,-43.27
3543,3550,-45
3550,3559,-44.35
3559,3567,-44.37
3567,3575,-44.19
3575,3583,-44.75
3583,3592,-44.83
3592,3600,-44.33
3600,3608,-44.72
3608,3616,-44.57
3616,3623,-43.46
3623,3630,-43.88
3630,3637,-43.84
3637,3645,-43.65
3645,3652,-43.62
3652,3659,-44.17
3659,3666,-44.41
3666,3674,-45.08
3674,3682,-44.47
3682,3690,-44.58
3690,3697,-41.74
3697,3705,-43.97
3705,3713,-44.04
3713,3721,-43.34
3721,3729,-44.67
3729,3737,-44.3
3737,3744,-43.23
3744,3752,-43.09
3752,3760,-43.83
3760,3768,-45.1
3768,3777,-43.93
3777,3785,-44.19
3785,3793,-42.94
3793,3802,-43.41
3802,3810,-44.32
3810,3818,-44.98
3818,3826,-43.56
3826,3834,-43.95
3834,3841,-44.96
3841,3849,-44.86
3849,3856,-44.51
3856,3864,-43.25
3864,3872,-44.03
3872,3880,-43.22
3880,3889,-44.28
3889,3898,-43.92
3898,3907,-42.51
3907,3915,-42.84
3915,3924,-43.2
3924,3933,-44.08
3933,3942,-44.14
3942,3951,-43.56
3951,3959,-44.28
3959,3968,-43.7
3968,3976,-43.72
3976,3985,-45.03
3985,3993,-44.77
3993,4002,-44.51
4002,4010,-44.22
4010,4018,-44.84
4018,4026,-44.45
4026,4034,-43.43
4034,4042,-43.73
4042,4050,-44.46
4050,4058,-44.08
4058,4066,-44.1
4066,4074,-44.7
4074,4082,-44.11
4082,4090,-44.03
4090,4098,-42.82
4098,4106,-43.76
4106,4114,-44.1
4114,4122,-43.7
4122,4130,-43
4130,4138,-43.58
4138,4146,-44.29
4146,4154,-44.02
4154,4162,-44.22
4162,4170,-44.51
4170,4179,-43.3
4179,4186,-45.35
4186,4194,-44.32
4194,4202,-43.54
4202,4210,-44.5
4210,4218,-43.16
4218,4226,-43.61
4226,4234,-42.98
4234,4242,-44.84
4242,4249,-43.67
4249,4257,-43.44
4257,4265,-43.49
4265,4273,-43.62
4273,4280,-42.92
4280,4288,-44.22
4288,4296,-45.18
4296,4303,-43.32
4303,4311,-44.33
4311,4319,-45.28
4319,4327,-43.26
4327,4336,-43.72
4336,4344,-43.82
4344,4353,-43.12
4353,4361,-43.95
4361,4369,-43.91
4369,4377,-45.91
4377,4385,-43.82
4385,4393,-42.78
4393,4402,-44.53
4402,4410,-44.73
4410,4418,-44.87
4418,4426,-45.07
4426,4434,-44.1
4434,4442,-44.41
4442,4451,-43.91
4451,4459,-44.56
4459,4467,-43.81
4467,4475,-43.86
4475,4483,-43.92
4483,4491,-44.27
4491,4499,-43.45
4499,4507,-44.31
4507,4514,-43.94
4514,4523,-44.9
4523,4531,-44.96
4531,4540,-44.37
4540,4549,-42.44
4549,4558,-43.67
4558,4566,-43.82
4566,4575,-42.98
4575,4584,-43.1
4584,4592,-44.57
4592,4601,-43.9
4601,4609,-44.7
4609,4618,-43.8
4618,4627,-44.04
4627,4635,-45.01
4635,4644,-44.19
4644,4652,-44.39
4652,4660,-44.1
4660,4669,-44.87
4669,4677,-44.52
4677,4686,-44.42
4686,4694,-43.49
4694,4702,-43.7
4702,4711,-42.99
4711,4719,-44.39
4719,4727,-45.1
4727,4735,-44.05
4735,4743,-44.39
4743,4751,-44.46
4751,4759,-43.75
4759,4767,-45.18
4767,4776,-44.48
4776,4784,-42.79
4784,4793,-43.01
4793,4801,-43.91
4801,4809,-44.43
4809,4818,-44.03
4818,4826,-43.75
4826,4835,-43.99
4835,4844,-43.78
4844,4852,-43.63
4852,4861,-44.29
4861,4869,-44.19
4869,4878,-43.71
4878,4886,-44.02
4886,4894,-43.77
4894,4902,-42.4
4902,4910,-41.61
4910,4919,-43.41
4919,4927,-44.99
4927,4935,-42.98
4935,4943,-43.72
4943,4951,-44.6
4951,4960,-43.92
4960,4968,-43.21
4968,4977,-43.27
4977,4985,-44.12
4985,4994,-44.43
4994,5003,-44.53
5003,5012,-44.11
5012,5020,-45.12
5020,5029,-44.18
5029,5038,-44.18
5038,5046,-42.52
5046,5055,-44.3
5055,5064,-44.63
5064,5073,-44.62
5073,5082,-43.97
5082,5091,-44.03
5091,5100,-44.17
5100,5109,-45.74
5109,5117,-44.13
5117,5126,-43.15
5126,5134,-44.58
5134,5143,-43.5
5143,5151,-43.96
5151,5160,-44.31
5160,5168,-44.94
5168,5177,-45.97
5177,5185,-43.79
5185,5193,-43.14
5193,5201,-43
5201,5210,-43.59
5210,5218,-43.97
5218,5227,-44.17
5227,5236,-43.99
5236,5245,-43.69
5245,5254,-42.65
5254,5263,-44.39
5263,5272,-43.54
5272,5281,-43.77
5281,5289,-42.8
5289,5298,-43.53
5298,5306,-43.62
5306,5315,-43.77
5315,5324,-43.72
5324,5332,-44.39
5332,5341,-45.02
5341,5349,-44.51
5349,5357,-43.26
5357,5366,-45.47
5366,5375,-45.23
5375,5383,-44.55
5383,5392,-44.52
5392,5400,-43.85
5400,5409,-44.91
5409,5418,-43.28
5418,5428,-43.85
5428,5438,-44.13
5438,5448,-43.01
5448,5458,-43.87
5458,5467,-44.32
5467,5476,-43.64
5476,5486,-43.95
5486,5495,-42.77
5495,5504,-45.08
5504,5513,-43.84
5513,5523,-44.12
5523,5533,-44.57
5533,5543,-45.7
5543,5553,-43.96
5553,5562,-43.6
5562,5571,-44.37
5571,5579,-44.81
5579,5587,-43.82
5587,5596,-44.29
5596,5604,-43.58
5604,5613,-44.91
5613,5621,-43.98
5621,5630,-43.7
5630,5639,-44.26
5639,5648,-43.58
5648,5657,-44.32
5657,5666,-45.43
5666,5675,-44.06
5675,5684,-45.08
5684,5693,-44.29
5693,5702,-44.11
5702,5711,-44
5711,5719,-44.38
5719,5728,-43.73
5728,5737,-43.8
5737,5746,-42.5
5746,5755,-43.01
5755,5763,-43.96
5763,5772,-44.29
5772,5780,-43.54
5780,5788,-43.62
5788,5797,-42.25
5797,5805,-43.74
5805,5813,-44.36
5813,5822,-44.18
5822,5831,-43.68
5831,5839,-45.05
5839,5848,-44.35
5848,5857,-44.03
5857,5865,-43.64
5865,5873,-44.76
5873,5882,-44.26
5882,5890,-44.54
5890,5899,-44.21
5899,5908,-44.55
5908,5917,-44.4
5917,5926,-44.7
5926,5936,-43.45
5936,5945,-42.67
5945,5955,-44.12
5955,5964,-43.09
5964,5974,-44.72
5974,5984,-44.85
5984,5994,-43.25
5994,6003,-44.07
6003,6012,-43.79
6012,6021,-45
6021,6030,-45.37
6030,6039,-44.22
6039,6048,-42.41
6048,6057,-43.18
6057,6066,-43.96
6066,6076,-44.17
6076,6085,-43.91
6085,6094,-42.37
6094,6104,-43.4
6113,6122,-44.78
6122,6132,-43.94
6132,6141,-44.05
6141,6150,-43.9
6150,6160,-44.86
6160,6169,-44.15
6169,6178,-44.31
6178,6187,-43.02
6187,6197,-44.73
6197,6206,-44.13
6206,6215,-45.82
6215,6225,-44
6225,6234,-43.92
6234,6244,-43.79
6244,6254,-43.67
6254,6263,-44.89
6263,6273,-44.24
6273,6283,-44.92
6283,6294,-44.65
6294,6304,-44.16
6304,6314,-43.36
6314,6323,-45
6323,6333,-44.76
6333,6343,-43.92
6343,6353,-44.23
6353,6363,-45.51
6363,6374,-44.41
6374,6384,-44.69
6384,6394,-44.04
6394,6404,-45.65
6404,6414,-44.99
6414,6424,-43.49
6424,6434,-43.39
6434,6443,-43.52
6443,6452,-44.17
6452,6461,-43.71
6461,6470,-44.45
6470,6480,-42.71
6480,6489,-44.52
6489,6499,-43.92
6499,6510,-43.67
6510,6520,-43.64
6520,6531,-44.78
6531,6540,-43.78
6540,6550,-43.87
6550,6559,-44.3
6559,6569,-44.01
6569,6579,-44.85
6579,6589,-45.06
6589,6600,-44.02
6600,6611,-44.19
6611,6621,-43.33
6621,6632,-43.76
6632,6642,-42.38
6642,6652,-44.08
6652,6663,-44.02
6663,6673,-44.38
6673,6683,-43.75
6683,6692,-43.24
6692,6702,-43.85
6702,6712,-43.9
6712,6722,-45.22
6722,6731,-44.39
6731,6741,-44.88
6741,6751,-44.45
6751,6761,-44.77
6761,6770,-43.49
6770,6781,-45.02
6781,6791,-43.19
6791,6802,-44.05
6802,6812,-44.14
6812,6822,-43.49
6822,6832,-44.4
6832,6841,-44.41
6841,6851,-44.37
6851,6860,-44.64
6860,6870,-44.15
6870,6879,-43.65
6879,6888,-43.85
6888,6896,-44.96
6896,6905,-43.57
6905,6915,-44.37
6915,6924,-44.52
6924,6934,-44.03
6934,6944,-44.2
6944,6953,-44.28
6953,6963,-46.28
6963,6973,-44.58
6973,6983,-43.2
6983,6992,-43.59
6992,7002,-43.95
7002,7012,-43.39
7012,7022,-44.24
7022,7032,-45.1
7032,7042,-44.44
7042,7052,-43.85
7052,7063,-44.9
7063,7073,-43.6
7073,7083,-44.31
7083,7093,-44.86
7093,7102,-44.81
7102,7113,-44.15
7113,7123,-44.33
7123,7133,-45.38
7133,7143,-44.99
7143,7154,-44.42
7154,7164,-43.75
7164,7176,-44.52
7176,7187,-44.02
7187,7198,-44.68
7198,7209,-44.51
7209,7220,-44
7220,7230,-44.99
7230,7241,-44.52
7241,7251,-44.29
7251,7262,-44.27
7262,7272,-45.53
7272,7283,-44.33
7283,7293,-43.88
7293,7302,-43.93
7302,7312,-44.53
7312,7321,-44.27
7321,7330,-44.95
7330,7340,-43.86
7340,7349,-44.09
7349,7360,-42.87
7360,7371,-44.8
7371,7381,-45
7381,7392,-45.94
7392,7402,-44.29
7402,7413,-45.12
7413,7424,-44.11
7424,7435,-44.34
7435,7445,-44.42
7445,7456,-46.05
7456,7466,-43.5
7466,7476,-44.43
7476,7486,-44.69
7496,7506,-44.42
7506,7516,-45.59
7516,7526,-44.09
7526,7536,-44.51
7536,7545,-44.7
7545,7554,-43.73
7554,7564,-44.48
7564,7573,-44.48
7573,7582,-44.15
7582,7592,-44.31
7592,7601,-44.39
7601,7611,-44.81
7611,7620,-44.36
7620,7629,-44.46
7629,7640,-43.38
7640,7650,-45.07
7650,7660,-44.97
7660,7671,-45.46
7671,7681,-45.4
7681,7690,-45.4
7690,7700,-44.84
7700,7709,-45.13
7709,7719,-44.78
7719,7728,-43.67
7728,7738,-42.95
7738,7748,-44.71
7748,7758,-45.26
7758,7768,-44.6
7768,7778,-44.56
7778,7787,-45.03
7787,7797,-43.69
7797,7807,-44.97
7807,7817,-45.04
7817,7828,-43.65
7828,7839,-44.89
7839,7849,-45.07
7849,7860,-44.49
7860,7870,-44.97
7870,7880,-44.92
7880,7890,-44.96
7890,7900,-44.72
7900,7911,-44.67
7911,7921,-45.14
7921,7931,-43.92
7931,7941,-43.9
7941,7951,-45.79
7951,7962,-44.74
7962,7972,-44.97
7972,7982,-46.45
7982,7993,-44.78
7993,8003,-45.13
8003,8014,-44.97
8014,8024,-45.35
8024,8035,-45.38
8035,8045,-44.73
8045,8056,-44.43
8056,8067,-45.2
8067,8078,-45.39
8078,8088,-44.76
8088,8099,-44.57
8099,8109,-45.26
8109,8118,-45.42
8118,8128,-44.38
8128,8138,-44.48
8138,8149,-44.21
8149,8160,-44.13
8160,8171,-45.74
8171,8182,-45.16
8182,8193,-44.87
8193,8204,-45.87
8204,8215,-45.94
8215,8225,-44.52
8225,8236,-43.99
8236,8246,-45.98
8246,8256,-44.6
8256,8266,-44.01
8266,8276,-44.06
8276,8287,-43.83
8287,8297,-45.6
8297,8307,-44.87
8307,8317,-45.17
8317,8328,-45.4
8328,8338,-45.86
8338,8349,-45.4
8349,8359,-45.34
8359,8370,-45
8370,8381,-45.57
8381,8391,-44.95
8391,8402,-44.85
8402,8413,-44.84
8413,8423,-44.25
8423,8434,-44.65
8434,8444,-44.34
8444,8454,-45.86
8454,8464,-43.81
8464,8474,-45.61
8474,8484,-44.7
8484,8494,-44.39
8494,8504,-45.26
8504,8514,-45.12
8514,8525,-43.94
8525,8535,-45.89
8535,8545,-44.3
8545,8556,-45.41
8556,8566,-45.11
8566,8576,-44.58
8576,8586,-45.18
8586,8596,-44.71
8596,8606,-44.8
8606,8616,-46.41
8616,8626,-46.38
8626,8637,-45.28
8637,8647,-44.34
8647,8657,-44.92
8657,8668,-44.75
8668,8678,-44.92
8678,8689,-44.3
8689,8700,-44.96
8700,8711,-44.54
8711,8722,-44.51
8722,8733,-45.06
8733,8744,-44.95
8744,8754,-44.44
8754,8765,-45.95
8765,8775,-43.09
8775,8786,-43.9
8786,8797,-44.78
8797,8809,-44.61
8809,8820,-45.98
8820,8832,-45.93
8832,8843,-45.58
8843,8853,-44.37
8853,8864,-43.1
8864,8874,-44.53
8874,8885,-44.57
8885,8895,-44.92
8895,8906,-45.55
8906,8916,-44.79
8916,8927,-44.56
8927,8938,-45.44
8938,8948,-45.09
8948,8958,-44.83
8958,8969,-44.21
8969,8979,-44.32
8979,8990,-44.71
8990,9000,-43.6
9000,9011,-45.22
9011,9021,-45.51
9021,9032,-45.35
9032,9043,-45.47
9043,9053,-44.86
9053,9064,-44.95
9064,9074,-44.17
9074,9084,-41.7
9084,9094,-44.27
9094,9105,-46.01
9105,9116,-44.74
9116,9127,-44.37
9127,9138,-44.04
9138,9149,-45.75
9149,9160,-44.59
9160,9171,-44.79
9171,9181,-43.36
9181,9192,-44.05
9192,9202,-44.61
9202,9212,-43.97
9212,9222,-43.91
9222,9232,-44.78
9232,9243,-45.44
9243,9254,-45.06
9277,9289,-45.32
9289,9301,-44.04
9301,9313,-44.89
9313,9326,-44.66
9326,9338,-44.82
9338,9349,-45.08
9349,9360,-45.86
9360,9371,-44
9371,9382,-44.6
9382,9392,-45.45
9392,9403,-44.67
9403,9413,-44.87
9413,9423,-44.51
9423,9434,-44.51
9434,9444,-44.58
9444,9454,-44.87
9454,9465,-44.18
9465,9476,-43.49
9476,9488,-45.46
9488,9499,-45.21
9499,9511,-44.26
9511,9523,-44.44
9523,9534,-43.46
9534,9545,-44.14
9568,9578,-43.98
9578,9589,-45.12
9589,9600,-44.65
9600,9611,-43.85
9611,9622,-43
9622,9633,-44.59
9633,9644,-43.68
9644,9655,-44.58
9655,9665,-44.23
9665,9676,-44.72
9676,9686,-44.64
9686,9696,-44.18
9696,9706,-45.02
9706,9717,-46.04
9717,9727,-43.78
9727,9737,-43.72
9737,9747,-43.95
9747,9756,-44.61
9756,9766,-44.36
9766,9775,-44.37
9775,9785,-44.43
9785,9796,-43.73
9796,9807,-45.52
9807,9819,-45.26
9819,9830,-43.97
9830,9842,-44.12
9842,9853,-43.87
9853,9865,-44.14
9865,9876,-44.75
9876,9888,-44.45
9888,9898,-43.69
9898,9909,-44.34
9909,9921,-44.51
9921,9932,-43.73
9932,9944,-44
9944,9955,-44.34
9955,9966,-44.96
9966,9978,-44.12
9978,9988,-44.41
9988,9999,-44.06
9999,10009,-44.85
10009,10020,-45.21
10020,10030,-44.48
10030,10040,-45.38
10040,10050,-44.55
10050,10061,-44.69
10061,10072,-43.44
10072,10083,-45.28
10083,10094,-44.14
10094,10104,-44.42
10104,10115,-44.84
10115,10125,-44.64
10125,10135,-42.8
10135,10146,-43.59
10146,10157,-43.87
10157,10167,-44.64
10167,10178,-45.15
10178,10189,-45.05
10189,10200,-43.21
10200,10211,-43.88
10211,10223,-44.71
10223,10234,-44.43
10234,10245,-44.36
10245,10257,-43.92
10257,10269,-44.74
10269,10280,-43.46
10280,10291,-44.48
10291,10301,-44.13
10301,10312,-44.72
10312,10322,-44.13
10322,10332,-43.72
10332,10343,-44.54
10343,10354,-44.07
10354,10366,-43.86
10366,10377,-45.05
10377,10388,-44.21
10388,10400,-44.44
10400,10411,-43.5
10411,10422,-44.36
10422,10434,-44.74
10434,10445,-45.44
10445,10456,-42.83
10456,10466,-43.51
10466,10475,-44
10475,10485,-44.63
10485,10495,-44.05
10495,10504,-44.91
10504,10514,-44.14
10514,10523,-43.45
10523,10533,-44.56
10533,10543,-43.56
10543,10553,-44.72
10553,10565,-44.62
10565,10576,-44.1
10576,10587,-44.66
10587,10598,-43.76
10598,10609,-43.7
10609,10621,-44.19
10621,10632,-44.11
10632,10643,-45.04
10643,10653,-43.76
10653,10664,-43.98
10664,10675,-44.91
10675,10685,-43.64
10685,10696,-44.47
10696,10707,-45.47
10707,10718,-44.93
10718,10729,-43.46
10729,10740,-43.47
10740,10752,-44.31
10752,10763,-44.6
10763,10775,-43.78
10775,10786,-44.73
10786,10797,-45.1
10797,10808,-43.6
10808,10819,-44.92
10819,10829,-43.68
10829,10840,-43.82
10840,10850,-44.69
10850,10861,-44.96
10861,10873,-44.11
10873,10885,-44.82
10885,10896,-43.79
10896,10907,-44.33
10907,10918,-44.32
10918,10929,-45.26
10929,10940,-44.46
10940,10951,-44.09
10951,10964,-43.97
10964,10976,-45.02
10976,10988,-45.39
10988,10999,-45.82
10999,11010,-44.99
11010,11021,-44.95
11021,11032,-44.87
11032,11043,-44.65
11043,11055,-44.56
11055,11066,-44.85
11066,11078,-45.53
11078,11089,-44.47
11089,11101,-43.69
11101,11113,-44.62
11113,11125,-43.46
11125,11137,-43.93
11137,11149,-43.94
11149,11161,-43.22
11161,11172,-44.05
11172,11183,-44.67
11183,11194,-44.74
11194,11204,-45.08
11204,11215,-43.78
11215,11226,-44.23
11226,11238,-45.14
11238,11249,-44.28
11249,11261,-44.73
11261,11273,-45.16
11273,11285,-44.16
11285,11297,-44.04
11297,11308,-44.53
11308,11319,-44.36
11319,11330,-45.35
11330,11341,-44.24
11341,11352,-45.49
11352,11363,-44.83
11363,11375,-46.17
11375,11386,-45.35
11386,11397,-44.91
11397,11409,-45.5
11409,11420,-45.89
11420,11431,-45.67
11431,11441,-45.74
11441,11452,-45.21
11452,11461,-43.85
11461,11471,-43.08
11471,11481,-43.82
11481,11491,-44.55
11491,11500,-44.04
11500,11509,-44.23
11509,11519,-44.19
11519,11529,-43.93
11529,11540,-45.37
11540,11550,-44.22
11550,11561,-44.58
11561,11572,-46
11572,11583,-44.37
11583,11593,-44.86
11593,11604,-43.85
11604,11615,-44.25
11615,11624,-45.36
11624,11634,-44.53
11634,11644,-43.79
11644,11654,-44.73
11654,11664,-45.41
11664,11673,-45.28
11673,11683,-44.99
11683,11693,-45.79
11693,11703,-44.8
11703,11713,-44.52
11713,11723,-45.07
11723,11733,-45.52
11733,11743,-44.63
11743,11753,-45.07
11753,11762,-44.44
11762,11772,-46.37
11772,11782,-44
11782,11792,-43.87
11792,11803,-45.42
11803,11814,-45.33
11814,11825,-45.79
11825,11837,-45.7
11837,11848,-44.31
11848,11859,-45.16
11859,11870,-44.71
11870,11881,-45.79
11881,11892,-45.07
11892,11903,-45.96
11903,11915,-45.24
11915,11926,-45.1
11926,11938,-45.41
11938,11949,-45.36
11949,11961,-45.35
11961,11973,-46.11
11973,11984,-46.03
11984,11995,-45.25
11995,12007,-46.18
12007,12018,-45.75
12018,12029,-45.97
12029,12041,-45.46
12041,12053,-45.52
12053,12065,-45.9
12065,12077,-46.63
12077,12090,-45.88
12090,12102,-45.06
12102,12115,-46.28
12115,12128,-46.42
12128,12141,-47.01
12141,12154,-47.05
12154,12167,-46.15
12167,12180,-45.32
12180,12192,-45.71
12192,12204,-46.68
12204,12216,-46.65
12216,12228,-46.73
12228,12239,-46.82
12239,12251,-45.36
12251,12263,-46.37
12263,12274,-46.25
12274,12286,-46.41
12286,12299,-46.12
12299,12311,-46.16
12311,12324,-47.36
12324,12337,-46.69
12337,12349,-46.67
12349,12362,-47.41
12362,12374,-46.99
12374,12386,-47.25
12386,12398,-46.58
12398,12410,-46.47
12410,12422,-46.73
12422,12434,-47.35
12434,12446,-47.37
12446,12457,-47.2
12457,12469,-47.5
12469,12480,-46.9
12480,12492,-46.44
12492,12505,-47.63
12505,12517,-47.26
12517,12531,-47.26
12531,12544,-47.47
12544,12557,-47.42
12557,12571,-47.85
12571,12585,-48.14
12585,12599,-47.86
12599,12613,-46.26
12613,12627,-46.84
12627,12641,-47.75
12641,12655,-47.49
12655,12668,-47.71
12668,12682,-48.27
12682,12696,-48.08
12696,12710,-47.26
12710,12724,-47.66
12724,12738,-47.08
12738,12752,-47.53
12752,12769,-47.75
12769,12785,-49.38
12785,12802,-47.81
12802,12820,-46.99
12820,12835,-46.99
12835,12850,-47.19
12850,12864,-47.57
12864,12877,-47.79
12877,12891,-48.01
12891,12905,-47.89
12905,12919,-47.94
12919,12934,-48.99
12934,12949,-48.33
12949,12963,-48.41
12963,12978,-47.43
12978,12992,-48.54
12992,13006,-47.75
13006,13020,-48.28
13020,13034,-47.75
13034,13047,-48.08
13047,13061,-47.83
13061,13075,-48.13
13075,13089,-48.41
13089,13103,-48.74
13103,13118,-47.84
13118,13132,-46.53
13132,13146,-47.41
13146,13159,-47.99
13159,13172,-47.71
13172,13185,-47.53
13185,13198,-47.57
13198,13211,-47.9
13211,13224,-47.69
13224,13237,-47.09
13237,13250,-47.38
13250,13263,-47.1
13263,13275,-47.06
13275,13288,-48.01
13288,13300,-47.99
13300,13313,-48.07
13313,13326,-47.57
13326,13339,-48.38
13339,13352,-47.56
13352,13366,-48.08
13366,13380,-47.82
13380,13394,-48.21
13394,13408,-48.15
13408,13422,-48.47
13422,13436,-47.9
13436,13450,-48.2
13450,13464,-47.19
13464,13478,-46.76
13478,13491,-46.85
13491,13504,-47.77
13504,13517,-48.18
13517,13529,-47.49
13529,13542,-48.62
13542,13556,-48.78
13556,13569,-47.99
13569,13583,-47.81
13583,13598,-49.03
13598,13612,-47.93
13612,13627,-48.44
13627,13642,-47.93
13642,13656,-48.43
13656,13671,-48.43
13671,13686,-47.69
13686,13700,-48.5
13700,13714,-48.12
13714,13729,-47.08
13729,13743,-48.35
13743,13758,-48.47
13758,13772,-48.45
13772,13786,-48.87
13786,13799,-49.78
13799,13813,-49.37
13813,13827,-48.32
13827,13840,-49.03
13840,13854,-46.82
13854,13868,-48.72
13868,13883,-47.87
13883,13898,-48.03
13898,13912,-47.24
13912,13926,-47.48
13926,13939,-47.79
13939,13953,-47.43
13953,13965,-48.64
13965,13978,-48.82
13978,13990,-47.46
13990,14002,-48.35
14002,14016,-48.61
14016,14029,-48.8
14029,14042,-46.96
14042,14056,-48.38
14056,14070,-46.87
14070,14084,-47.9
14084,14098,-47.27
14098,14111,-48.67
14111,14124,-48.84
14124,14137,-46.97
14137,14149,-46.78
14149,14162,-47.86
14162,14174,-46.92
14174,14187,-48.06
14187,14200,-46.46
14200,14213,-47.79
14213,14225,-46.17
14225,14238,-47.59
14238,14248,-47.62
14248,14259,-47.9
14259,14270,-47.16
14270,14281,-48.16
14281,14292,-48.48
14292,14303,-47.14
14303,14314,-48.58
14314,14326,-47.52
14326,14337,-47.69
14337,14348,-47.9
14348,14360,-48.46
14360,14372,-48.71
14372,14384,-48.24
14384,14397,-47.64
14397,14410,-48.22
14410,14423,-47.43
14423,14434,-47.15
14434,14446,-46.96
14446,14457,-47.14
14457,14468,-48.16
14468,14480,-46.45
14480,14492,-48.51
14492,14504,-47.27
14504,14516,-47.78
14516,14528,-47.4
14528,14539,-47.38
14539,14551,-47.41
14551,14563,-48.32
14563,14575,-48.16
14575,14587,-47.8
14587,14600,-48.21
14600,14612,-47.88
14612,14626,-48.4
14626,14639,-47.32
14639,14652,-46.95
14652,14666,-47.8
14666,14679,-48.49
14679,14692,-47.1
14692,14704,-46.79
14704,14716,-48.43
14716,14727,-49.24
14727,14737,-48.22
14737,14749,-47.5
14749,14761,-47.79
14761,14773,-48
14773,14785,-47.89
14785,14797,-48.39
14797,14809,-47.66
14809,14821,-48.31
14821,14833,-48.81
14833,14846,-48.18
14846,14858,-47.7
14858,14870,-47.08
14870,14882,-47.36
14882,14895,-47.72
14895,14908,-48.15
14908,14921,-48.15
14921,14934,-48.01
14934,14946,-47.96
14946,14957,-48.74
14957,14969,-48.77
14969,14980,-49.1
14980,14994,-48.57
14994,15007,-48.84
15007,15020,-48.03
15020,15033,-48.43
15033,15046,-47.86
15046,15059,-48.63
15059,15071,-48.87
15071,15084,-49.08
15084,15096,-48.22
15096,15109,-47.8
15109,15122,-48.8
15122,15134,-48.3
15134,15147,-48.47
15147,15160,-48.22
15160,15173,-48.53
15173,15186,-47.83
15186,15199,-48.61
15212,15226,-47.4
15226,15240,-48.34
15253,15267,-47.61
15267,15281,-48.63
15281,15294,-48.5
15294,15308,-49.48
15308,15321,-48.97
15321,15335,-48.81
15335,15348,-47.84
15348,15362,-47.31
15362,15375,-48.06
15375,15389,-48.74
15389,15402,-48.55
15402,15414,-48.51
15414,15427,-48.7
15427,15440,-48.93
15440,15452,-48.83
15452,15465,-48.17
15465,15479,-49.23
15479,15492,-47.74
15492,15505,-48.32
15505,15518,-48.43
15518,15531,-49.06
15531,15544,-48.57
15544,15558,-48.57
15571,15585,-48.52
15585,15598,-48.08
15598,15611,-48
15611,15624,-49
15624,15636,-47.96
15636,15649,-48.32
15662,15675,-49.77
15675,15688,-48.43
15688,15701,-47.83
15701,15714,-48.32
15714,15727,-48.49
15727,15740,-48.96
15740,15754,-48
15754,15767,-47.61
15767,15781,-48.62
15781,15794,-47.62
15794,15808,-48.41
15808,15822,-49.75
15822,15835,-49.51
15835,15849,-50.07
15849,15862,-50.26
15862,15876,-48.9
15890,15904,-48.74
15904,15918,-48.99
15918,15932,-49.2
15932,15946,-49.76
15946,15961,-49.86
15961,15976,-49.12
15976,15991,-49.28
15991,16007,-49.54
16007,16022,-50.4
16022,16037,-49.99
16037,16052,-49.58
16052,16066,-50.41
16066,16081,-49.79
16081,16095,-49.95
16095,16109,-49.2
16109,16123,-49.3
16123,16137,-49.43
16137,16151,-50.04
16151,16165,-50.2
16165,16180,-49.12
16180,16195,-50.86
16195,16210,-49.3
16210,16225,-50.38
16225,16241,-50.31
16241,16256,-48.76
16256,16271,-47.74
16271,16286,-49.15
16286,16301,-49.62
16301,16315,-49.82
16315,16331,-50.44
16331,16346,-51.4
16346,16362,-49.05
16362,16377,-50.01
16377,16392,-51.3
16392,16408,-50.45
16408,16423,-50.38
16423,16439,-49.44
16439,16456,-50.21
16456,16472,-50.42
16472,16488,-51.04
16488,16505,-49.94
16521,16537,-49.14
16537,16552,-50.12
16552,16568,-51.18
16568,16583,-49.67
16583,16598,-50.29
16598,16614,-51.18
16614,16629,-50.54
16629,16645,-49.51
16645,16661,-51.05
16661,16677,-51.71
16677,16694,-50.99
16694,16710,-50.15
16710,16726,-50.99
16726,16743,-51.14
16743,16759,-51.27
16759,16777,-50.64
16777,16794,-50.94
16794,16812,-50.67
16812,16831,-51.01
16831,16850,-51.15
16850,16869,-50.43
16869,16887,-50.08
16887,16905,-50.56
16905,16922,-50.21
16922,16939,-51.16
16939,16957,-50.65
16957,16974,-50.21
16974,16991,-50.97
16991,17008,-49.89
17008,17025,-51.71
17025,17042,-50.36
17042,17060,-50.99
17060,17077,-51.4
17077,17094,-50.84
17094,17111,-51.07
17111,17129,-50.64
17148,17166,-51.33
17166,17184,-51.07
17184,17202,-50.86
17202,17220,-50.69
17220,17238,-51.38
17238,17256,-50.2
17256,17274,-50.35
17274,17293,-50.72
17293,17311,-51.11
17311,17330,-51.74
17330,17349,-51.58
17349,17368,-52.24
17368,17389,-51.95
17389,17409,-52.5
17409,17429,-50.89
17429,17450,-52.28
17450,17470,-51.72
17470,17490,-52.08
17490,17511,-51.6
17511,17532,-51.43
17532,17551,-51.65
17551,17570,-51.95
17570,17589,-51.48
17589,17608,-52.94
17608,17628,-51.8
17628,17648,-51.33
17648,17668,-52.08
17668,17689,-51.57
17689,17709,-51.41
17709,17729,-51.13
17729,17749,-52.25
17749,17769,-52.18
17769,17790,-51.47
17790,17810,-51.88
17810,17832,-51.86
17832,17853,-52.24
17853,17875,-52.57
17875,17896,-52.28
17896,17917,-51.82
17917,17938,-52.03
17958,17979,-52.1
17979,18000,-51.6
18000,18020,-52.19
18020,18041,-51.59
18041,18061,-50.72
18061,18083,-51.19
18083,18104,-51.5
18104,18125,-50.54
18125,18147,-50.8
18147,18168,-51.74
18168,18190,-51.24
18190,18212,-52.16
18212,18233,-51.04
18233,18255,-51.16
18255,18277,-51.38
18277,18300,-51.19
18300,18322,-51.47
18322,18346,-52.3
18346,18369,-51.59
18369,18390,-52.27
18390,18411,-52.18
18411,18433,-53.27
18433,18455,-51.83
18455,18476,-52.23
18476,18498,-51.59
18498,18521,-52.84
18521,18544,-52.47
18544,18567,-52.78
18567,18589,-52.06
18589,18612,-52.12
18612,18635,-51.7
18635,18658,-52.28
18658,18681,-52.37
18681,18703,-52
18703,18726,-50.64
18726,18749,-52.41
18749,18772,-53.04
18772,18795,-51.8
18795,18818,-52.3
18818,18841,-53.04
18841,18865,-51.64
18865,18888,-52.09
18888,18910,-51.19
18910,18933,-50.27
18933,18955,-52.06
18955,18980,-52.1
18980,19004,-52.27
19004,19028,-51.42
19028,19051,-51.81
19051,19074,-51.82
19074,19096,-51.46
19096,19119,-51.97
19119,19142,-51.12
19142,19164,-52.14
19164,19187,-51.74
19187,19207,-51.7
19207,19227,-50.97
19227,19250,-51.85
19250,19273,-52.85
19273,19295,-50.55
19295,19318,-51.36
19318,19341,-50.68
19341,19364,-52.5
19364,19387,-52.19
19387,19410,-51.67
19410,19433,-51.35
19433,19456,-51.9
19456,19479,-52.1
19479,19503,-52.1
19503,19527,-53.6
19527,19551,-51.43
19551,19574,-51.56
19574,19597,-51.78
19597,19622,-50.92
19622,19646,-51.27
19646,19670,-52.21
19670,19694,-51.49
19694,19716,-51.37
19716,19739,-53.32
19739,19761,-52.74
19761,19783,-51.86
19783,19805,-52.03
19805,19827,-51.91
19827,19852,-51.49
19852,19876,-52.26
19876,19902,-50.78
19902,19928,-52.2
19928,19952,-51.41
19952,19976,-52.71
19976,19998,-51.5
19998,20019,-52.93
20019,20046,-52.02
20046,20072,-51.89
20072,20098,-51.49
20098,20125,-52.21
20125,20148,-51.54
20148,20171,-51.77
20171,20193,-52.23
20193,20215,-51.52
20215,20237,-51.5
20237,20258,-52.58
20258,20281,-51.4
20281,20304,-52
20304,20327,-51.77
20327,20349,-51.5
20349,20372,-51.27
20372,20396,-50.39
20396,20419,-52.07
20419,20443,-51.75
20443,20465,-52.41
20465,20488,-52.08
20488,20510,-52.18
20510,20532,-51.48
20532,20556,-53.77
20556,20580,-53.01
20580,20605,-51.69
20605,20630,-52.17
20630,20658,-52.11
20658,20686,-51.51
20686,20714,-51.24
20714,20743,-52.73
20771,20799,-52.63
20799,20826,-52.67
20826,20853,-52.85
20853,20879,-52.67
20879,20905,-52.49
20905,20931,-52.78
20931,20956,-51.72
20956,20982,-52.01
20982,21009,-51.71
21009,21034,-50.9
21034,21059,-52.44
21059,21084,-51.76
21084,21109,-52.67
21109,21133,-52.27
21133,21157,-51.07
21157,21182,-52.71
21182,21206,-50.93
21206,21232,-51.07
21232,21258,-52.16
21258,21284,-51.99
21284,21309,-51.83
21309,21333,-52.52
21333,21357,-51.94
21357,21380,-52.44
21380,21402,-52.82
21402,21426,-52.51
21426,21449,-53.11
21449,21473,-52.13
21473,21498,-52.05
21498,21522,-52.28
21522,21546,-51.95
21546,21570,-51.58
21570,21593,-51.68
21593,21617,-52.95
21617,21641,-52.78
21641,21665,-52.98
21665,21689,-51.56
21689,21712,-53.2
21712,21734,-51.98
21734,21756,-53.18
21756,21777,-50.98
21777,21798,-52.41
21798,21819,-52.93
21819,21840,-52.12
21840,21860,-52.43
21860,21882,-52.08
21882,21904,-52.61
21904,21925,-52.69
21947,21969,-52.79
21969,21991,-52.25
21991,22014,-51.83
22014,22036,-52.66
22036,22059,-51.82
22059,22082,-52.21
22082,22105,-52.24
22105,22129,-51.95
22129,22153,-51.64
22153,22177,-52.12
22177,22199,-52.46
22199,22222,-52.98
22222,22246,-51.7
22246,22269,-52.76
22269,22295,-52.27
22295,22320,-52.38
22320,22344,-52.71
22344,22367,-53.08
22367,22390,-52.42
22390,22412,-52.27
22412,22436,-53.16
22436,22459,-52.46
22459,22483,-51.65
22483,22506,-51.19
22506,22529,-52.34
22529,22551,-52.4
22551,22575,-52.5
22575,22598,-51.69
22598,22622,-52.71
22622,22646,-52.84
22646,22669,-52.54
22669,22693,-52.34
22693,22717,-52.47
22717,22741,-52.09
22741,22764,-51.36
22764,22788,-51.81
22788,22812,-52.46
22812,22835,-52.34
22835,22859,-52.2
22859,22882,-51.25
22882,22906,-52.72
22906,22929,-52.98
22929,22952,-51.87
22952,22975,-52.52
22975,22997,-52.14
22997,23019,-51.88
23019,23041,-50.96
23041,23062,-52.84
23062,23083,-52.21
23083,23104,-51.29
23104,23124,-51.84
23124,23145,-50.91
23145,23166,-51.93
23166,23187,-51.82
23187,23208,-50.98
23208,23229,-51.83
23229,23250,-50.91
23250,23271,-51.22
23271,23292,-51.67
23292,23313,-50.97
23313,23334,-52.03
23334,23355,-51.14
23355,23375,-52.2
23375,23395,-51.62
23395,23414,-51.21
23414,23434,-51.6
23434,23453,-51.86
23453,23473,-51.82
23473,23493,-50.65
23493,23512,-51.59
23512,23531,-50.53
23531,23550,-52.3
23550,23570,-50.83
23570,23590,-50.94
23590,23610,-52.68
23610,23629,-51.17
23629,23649,-51.58
23649,23669,-51.04
23669,23689,-51.73
23689,23709,-52.01
23709,23730,-51.51
23730,23751,-51.95
23751,23773,-50.93
23773,23796,-51.68
23796,23819,-51.48
23819,23843,-53.15
23843,23866,-52.03
23866,23888,-51.91
23888,23910,-52.8
23910,23932,-51.86
23932,23954,-51.99
23954,23975,-52.68
23975,23996,-52.7
23996,24017,-51.95
24017,24040,-51.5
24040,24062,-52.57
24062,24084,-53.02
24084,24105,-53.17
24105,24125,-52.77
24125,24146,-52.37
24146,24166,-52.13
24166,24186,-52.69
24186,24206,-53.09
24206,24226,-52.35
24226,24246,-52.82
24246,24266,-53.33
24266,24288,-52.35
24288,24309,-52.43
24309,24330,-52.66
24330,24352,-51.66
24352,24373,-52.6
24373,24395,-52.5
24395,24417,-52.37
24417,24439,-52.73
24439,24460,-52.81
24460,24481,-53.08
24481,24500,-53.03
24500,24519,-52.64
24519,24539,-52.47
24539,24560,-51.8
24560,24582,-52.92
24582,24604,-52.14
24604,24626,-51.51
24626,24649,-52.72
24649,24671,-53.72
24671,24693,-52.9
24693,24714,-52.33
24714,24736,-53.29
24736,24757,-52.14
24757,24778,-53.26
24778,24799,-52.97
24799,24819,-52.96
24819,24839,-51.7
24839,24859,-51.56
24859,24879,-52.6
24879,24900,-52.89
24900,24920,-52.49
24920,24939,-53.21
24939,24959,-52.67
24959,24978,-53.44
24978,24999,-52.15
24999,25019,-52.68
25019,25039,-52.24
25039,25059,-52.03
25059,25079,-51.14
25079,25099,-52.48
25099,25119,-52.03
25119,25138,-52.39
25138,25157,-53.32
25157,25176,-52.23
25176,25195,-52.34
25195,25214,-51.8
25214,25234,-52.83
25234,25254,-52.09
25254,25274,-51.77
25274,25294,-52.33
25294,25315,-52.83
25315,25336,-52.36
25336,25356,-52.7
25356,25376,-54.05
25376,25396,-52.43
25396,25416,-52.08
25416,25436,-51.79
25436,25456,-52.41
25456,25476,-52.17
25476,25496,-52.95
25496,25517,-51.97
25517,25537,-53.12
25537,25557,-52.6
25557,25577,-52.61
25577,25598,-51.97
25598,25618,-52.91
25618,25639,-52.67
25639,25659,-52.1
25659,25680,-52
25680,25701,-53.06
25701,25722,-52.21
25722,25744,-52.75
25744,25765,-53.01
25765,25787,-52.52
25787,25809,-52.14
25809,25831,-52.88
25831,25853,-52.7
25853,25876,-51.68
25876,25897,-52.61
25897,25919,-52.49
25919,25939,-53.8
25939,25959,-52.51
25959,25980,-51.7
25980,26000,-51.58
26000,26021,-52.13
26021,26042,-52.04
26042,26061,-52.29
26061,26081,-52.68
26081,26100,-52.71
26100,26120,-53.17
26120,26140,-51.61
26140,26160,-51.4
26160,26180,-52.27
26180,26200,-51.59
26200,26220,-51.43
26220,26239,-51.24
26239,26260,-51.63
26260,26280,-51.79
26280,26301,-52.36
26301,26322,-52.97
26322,26342,-52.17
26342,26362,-51.97
26362,26381,-52.72
26381,26400,-52.02
26400,26420,-50.85
26420,26440,-52.67
26440,26461,-52.18
26461,26482,-53.03
26482,26503,-52
26503,26524,-52.77
26524,26546,-51.69
26546,26568,-52.67
26568,26591,-52.11
26591,26614,-52.11
26614,26638,-52.35
26638,26662,-54.51
26662,26686,-51.56
26686,26710,-51.77
26710,26733,-52.59
26733,26756,-52.11
26756,26779,-53.7
26779,26802,-53.24
26802,26825,-51.97
26825,26848,-51.33
26848,26872,-52.66
26872,26896,-52.2
26896,26920,-53.66
26920,26944,-52.7
26944,26968,-51.49
26968,26992,-51.45
26992,27016,-52.36
27016,27040,-52.19
27040,27064,-52.78
27064,27088,-52.36
27088,27112,-51.98
27112,27136,-51.9
27136,27160,-52.25
27160,27183,-51.64
27183,27205,-51.69
27205,27227,-51.76
27227,27249,-52.33
27249,27270,-52.2
27270,27291,-51
27291,27312,-52.85
27312,27332,-50.77
27332,27352,-50.51
27352,27372,-51.12
27372,27392,-51.62
27392,27413,-50.66
27413,27434,-51.19
27434,27454,-51.28
27454,27475,-50.99
27475,27497,-51.27
27497,27519,-51.08
27519,27546,-51.08
27546,27572,-51.22
27572,27596,-50.84
27596,27620,-51.11
27620,27641,-50.06
27641,27662,-50.06
27662,27682,-50.79
27682,27703,-51.34
27703,27724,-49.96
27724,27745,-51.74
27745,27768,-50.53
27768,27791,-50.74
27791,27814,-51.42
27814,27838,-50.77
27838,27862,-50.95
27862,27885,-50.71
27885,27909,-51.07
27909,27932,-51.3
27932,27957,-49.81
27957,27982,-50.36
27982,28008,-51.57
28008,28035,-50.9
28035,28062,-51.28
28062,28089,-51.27
28089,28115,-51.48
28115,28141,-50.39
28141,28169,-51.82
28169,28196,-51.99
28196,28225,-51.98
28225,28253,-50.96
28253,28280,-51.25
28280,28308,-50.5
28308,28335,-51.16
28335,28363,-51.86
28363,28389,-51
28389,28416,-51.04
28416,28442,-49.99
28442,28468,-49.93
28468,28495,-50.27
28495,28523,-50.45
28523,28550,-50.25
28550,28577,-50.43
28577,28604,-49.9
28604,28632,-49.73
28632,28660,-49.24
28660,28688,-49.08
28688,28716,-50.95
28716,28745,-49.53
28745,28772,-50.62
28772,28800,-50.26
28800,28828,-51.04
28828,28856,-50.1
28856,28883,-49.25
28883,28910,-50.85
28910,28937,-49.57
28937,28963,-50.52
28963,28990,-49.58
28990,29017,-49.68
29017,29043,-49.34
29043,29070,-48.67
29070,29096,-49.43
29096,29122,-49.54
29122,29148,-49.15
29148,29174,-50.45
29174,29200,-50.06
29200,29225,-49.51
29225,29251,-50.51
29251,29277,-49.17
29277,29303,-49.15
29303,29328,-50.07
29328,29355,-50.25
29355,29381,-50.68
29381,29409,-49.02
29409,29437,-49.56
29437,29464,-49.89
29464,29492,-50.32
29492,29518,-48.41
29518,29545,-50.25
29545,29571,-50.43
29571,29598,-49.32
29598,29624,-49.01
29624,29651,-49.28
29651,29677,-50.02
29677,29703,-49.16
29703,29730,-49.57
29730,29757,-49.97
29757,29786,-50.08
29786,29815,-50.19
29815,29846,-50.58
29846,29877,-51.59
29877,29908,-50.63
29908,29940,-50.81
29940,29972,-50.51
29972,30003,-51.16
30003,30035,-51.02
30035,30066,-51.19
30066,30100,-51.01
30100,30134,-51.07
30134,30169,-50.72
30169,30204,-51.27
30204,30236,-50.18
30236,30268,-51.61
30268,30300,-51.1
30300,30332,-50.83
30332,30362,-51.03
30362,30393,-50.04
30393,30423,-49.08
30423,30453,-50.63
30453,30483,-50.26
30483,30514,-49.87
30514,30544,-50.71
30544,30575,-51.01
30575,30605,-50.68
30605,30634,-49.77
30634,30663,-51.11
30663,30692,-50.41
30692,30721,-50.77
30721,30750,-50.81
30750,30778,-50.02
30778,30807,-51.31
30807,30835,-50.83
30835,30862,-50.68
30862,30890,-51.24
30890,30918,-50.65
30918,30947,-50.32
30947,30976,-51.49
30976,31006,-51.46
31006,31035,-51.41
31035,31069,-51.22
31069,31102,-50.66
31102,31136,-52.08
31136,31169,-50.39
31169,31201,-50.37
31201,31232,-51.34
31232,31264,-51.95
31264,31295,-52.19
31295,31326,-50.34
31326,31357,-51.5
31357,31387,-51.22
31387,31417,-50.47
31417,31447,-50.75
31447,31477,-51.27
31477,31508,-50.84
31508,31539,-51.23
31539,31571,-51.32
31571,31602,-51.98
31602,31635,-50.76
31635,31667,-50.88
31667,31698,-51.28
31698,31728,-50.6
31728,31757,-51.77
31757,31785,-50.96
31785,31813,-51.03
31813,31841,-50.42
31841,31868,-50.75
31868,31895,-49.39
31895,31920,-50.32
31920,31945,-50.64
31945,31970,-49.8
31970,31996,-52.07
31996,32023,-51.56
32023,32050,-49.99
32050,32079,-50.58
32079,32108,-48.73
32108,32134,-49.97
32134,32161,-50.19
32161,32187,-50.06
32187,32212,-50.66
32212,32239,-48.72
32239,32265,-50.27
32265,32292,-50.61
32292,32318,-49.82
32318,32343,-50.59
32343,32369,-49.89
32369,32395,-50.24
32395,32421,-50.14
32421,32448,-49.89
32448,32474,-49.27
32474,32500,-50.72
32500,32526,-49.66
32526,32554,-50.38
32554,32581,-50.82
32581,32611,-50.58
32611,32640,-50.58
32640,32670,-51.24
32670,32699,-50.58
32699,32729,-51.3
32729,32759,-50.74
32759,32789,-50.5
32789,32820,-50.29
32820,32850,-50.36
32850,32879,-51.07
32879,32908,-51.03
32908,32937,-51.03
32937,32966,-51.67
32966,32996,-49.93
32996,33024,-50.88
33024,33052,-50.26
33052,33079,-50.18
33079,33106,-50.5
33106,33133,-50.32
33133,33160,-49.82
33160,33187,-50.18
33187,33213,-50.49
33213,33240,-50.15
33240,33267,-50.1
33267,33293,-50.05
33293,33319,-51.17
33319,33346,-49.78
33346,33372,-50.81
33372,33400,-49.89
33400,33427,-49.91
33427,33455,-51.06
33455,33482,-50.64
33482,33509,-50.56
33509,33537,-49.41
33537,33563,-50.35
33563,33590,-49.83
33590,33617,-50.77
33617,33643,-49.57
33643,33671,-49.61
33671,33699,-50.25
33699,33726,-49.9
33726,33753,-50.45
33753,33781,-50.16
33781,33809,-50.83
33809,33838,-51.29
33838,33868,-52.1
33868,33898,-50.78
33898,33928,-51.2
33928,33958,-50.48
33958,33988,-50.56
33988,34018,-50.71
34018,34048,-51.03
34048,34078,-50.86
34078,34109,-51.53
34109,34137,-50.83
34137,34166,-49.92
34166,34196,-49.79
34196,34226,-51
34226,34257,-50.27
34257,34288,-51.32
34288,34321,-50.5
34321,34354,-51.75
34354,34385,-51.35
34385,34416,-51.05
34416,34445,-50.88
34445,34474,-50.77
34474,34503,-51.14
34503,34533,-50.78
34533,34561,-50.44
34561,34588,-50.48
34588,34617,-49.02
34617,34646,-51.06
34646,34674,-49.89
34674,34702,-50.6
34702,34730,-50.69
34730,34759,-50.91
34759,34786,-49.49
34786,34814,-50.37
34814,34842,-48.4
34842,34869,-50.73
34869,34897,-49.71
34897,34926,-50.26
34926,34954,-49.69
34954,34982,-49.74
34982,35009,-50.83
35009,35037,-50.31
35037,35063,-50.35
35063,35089,-50.15
35089,35118,-50.33
35118,35146,-49.56
35146,35174,-50.06
35174,35202,-49.62
35202,35228,-49.39
35228,35254,-50.14
35254,35280,-48.69
35280,35307,-49.78
35307,35335,-48.92
35335,35363,-49.32
35363,35392,-49.97
35392,35421,-49.87
35421,35448,-49.68
35448,35476,-49.63
35476,35501,-49.56
35501,35526,-49.53
35526,35553,-49.44
35553,35580,-49.14
35580,35608,-49.76
35608,35636,-49.58
35636,35663,-49.72
35663,35689,-50.14
35689,35716,-50.29
35716,35742,-50.01
35742,35770,-50.95
35770,35798,-49.61
35798,35825,-49.88
35825,35851,-49.93
35851,35880,-50.25
35880,35909,-50.76
35909,35935,-50.22
35935,35961,-50.23
35961,35987,-50.73
35987,36013,-49.88
36013,36039,-50.03
36039,36065,-49.53
36065,36092,-50.17
36092,36119,-50.8
36119,36148,-51.31
36148,36177,-50.08
36177,36206,-49.27
36206,36235,-50.32
36235,36265,-51.59
36265,36295,-50.85
36295,36323,-50.82
36323,36352,-49.89
36352,36380,-50.08
36380,36408,-50.9
36408,36437,-51.31
36437,36465,-51.7
36465,36494,-50.61
36494,36522,-50.96
36522,36551,-51.04
36551,36579,-51.28
36579,36607,-50.77
36607,36636,-51.14
36636,36664,-50.51
36664,36693,-51.01
36693,36721,-51.42
36721,36750,-50.23
36750,36779,-50.17
36779,36808,-50.32
36808,36838,-51.14
36838,36867,-50.07
36867,36896,-50.75
36896,36924,-50.57
36924,36952,-49.5
36952,36980,-50.33
36980,37008,-50.23
37008,37035,-50.35
37035,37062,-50.36
37062,37088,-51.18
37088,37115,-50.81
37115,37142,-49.72
37142,37168,-50.26
37168,37194,-50.17
37194,37219,-50.03
37219,37244,-49.91
37244,37269,-49.52
37269,37295,-50.03
37295,37321,-50.08
37321,37348,-49.75
37348,37376,-50.01
37376,37405,-50.43
37405,37436,-50.11
37436,37467,-50.66
37467,37495,-50.56
37495,37524,-49.22
37524,37549,-49.45
37549,37575,-50
37575,37598,-49.6
37598,37621,-49.49
37621,37646,-50.2
37646,37671,-48.83
37671,37696,-49.48
37696,37721,-48.68
37721,37746,-49.3
37746,37771,-48.82
37771,37792,-48.52
37792,37813,-48.32
37813,37836,-48.55
37836,37859,-50.57
37859,37884,-49.43
37884,37909,-49.81
37909,37935,-49.47
37935,37962,-48.68
37962,37987,-48.74
37987,38013,-48.7
38013,38038,-49
38038,38062,-49.31
38062,38085,-49.36
38085,38107,-49.42
38107,38130,-48.18
38130,38153,-49.92
38153,38177,-48.73
38177,38201,-49.73
38201,38225,-49.54
38225,38250,-48.79
38250,38272,-48.76
38272,38295,-48.16
38295,38317,-48.43
38317,38339,-48.65
38339,38362,-49.7
38362,38384,-49.51
38384,38406,-48
38406,38428,-48.47
38428,38451,-48.82
38451,38473,-48.79
38473,38496,-48.76
38496,38518,-48.98
38518,38540,-49.23
38540,38562,-49.3
38562,38584,-48.47
38584,38605,-48.56
38605,38628,-49.41
38628,38650,-48.9
38650,38672,-48.97
38672,38695,-48.48
38695,38718,-49.41
38718,38742,-48.43
38742,38766,-48.58
38766,38790,-48.77
38790,38812,-48.88
38812,38834,-48.45
38834,38856,-48.61
38856,38878,-50.07
38878,38900,-47.87
38900,38923,-48.61
38923,38945,-48.26
38945,38968,-48.14
38968,38991,-48.14
38991,39014,-48.55
39014,39037,-48.58
39037,39060,-49.28
39060,39082,-48.13
39082,39103,-49.17
39103,39128,-49.73
39128,39152,-49.73
39152,39176,-49.41
39176,39201,-49.46
39201,39227,-48.6
39227,39253,-49.34
39253,39281,-48.89
39281,39309,-50.41
39309,39336,-50.16
39336,39364,-48.79
39364,39391,-49.89
39391,39418,-49.77
39418,39445,-50.47
39445,39472,-51.36
39472,39500,-49.16
39500,39528,-50.04
39528,39557,-50
39557,39586,-49.76
39586,39616,-50.4
39616,39647,-51.08
39647,39676,-51.09
39676,39705,-50.75
39705,39735,-50.61
39735,39764,-50.73
39764,39793,-50.69
39793,39822,-51.5
39822,39851,-50.07
39851,39880,-50.56
39880,39909,-49.75
39909,39937,-51.08
39937,39965,-51.05
39965,39994,-49.63
39994,40022,-50.89
40022,40050,-50.44
40050,40080,-50.22
40080,40110,-50.48
40110,40139,-50.29
40139,40168,-50.37
40168,40197,-49.52
40197,40227,-50.48
40227,40257,-49.88
40257,40288,-50.56
40288,40318,-49.92
40318,40347,-50.56
40347,40376,-50.03
40376,40405,-50.23
40405,40433,-50.04
40433,40461,-50.33
40461,40490,-50.52
40490,40519,-50.8
40519,40550,-49.79
40550,40581,-50.3
40581,40611,-50.21
40611,40641,-50.64
40641,40671,-50.19
40671,40701,-49.78
40701,40730,-51.08
40730,40759,-51
40759,40787,-50.15
40787,40815,-51.46
40815,40844,-50.08
40844,40873,-51.01
40873,40903,-50.66
40903,40932,-51.4
40932,40961,-50.84
40961,40990,-50.87
40990,41019,-50.23
41019,41048,-51.26
41048,41079,-49.97
41079,41109,-50.33
41109,41140,-49.61
41140,41171,-49.43
41171,41198,-50.15
41198,41226,-49.16
41226,41252,-50.79
41252,41279,-50.24
41279,41305,-50.04
41305,41332,-50.48
41332,41360,-49.95
41360,41387,-50.19
41387,41415,-49.34
41415,41444,-48.84
41444,41470,-49.76
41470,41497,-50.16
41497,41524,-50.55
41524,41551,-49.97
41551,41579,-49.87
41579,41607,-49.17
41607,41635,-49.67
41635,41664,-48.69
41664,41692,-49.81
41692,41720,-49.52
41720,41748,-49.44
41748,41776,-50.21
41807,41837,-50.67
41837,41867,-49.78
41867,41897,-49.88
41897,41928,-50.44
41928,41959,-50.17
41959,41990,-49.8
41990,42020,-50.35
42020,42050,-50.42
42050,42079,-49.88
42079,42107,-50
42107,42136,-51.3
42136,42164,-50.71
42164,42192,-51.03
42192,42220,-50.25
42220,42249,-50.46
42249,42279,-51.4
42279,42309,-49.37
42309,42339,-49.95
42339,42370,-50.11
42370,42401,-50.44
42401,42432,-50.45
42462,42491,-50.71
42491,42519,-50.22
42519,42547,-49.95
42547,42575,-50.05
42575,42603,-49.29
42603,42630,-50.4
42630,42658,-50.3
42658,42687,-49.52
42687,42716,-50.09
42716,42744,-50.42
42744,42773,-50.23
42773,42803,-50.14
42803,42833,-49.79
42833,42862,-49.86
42862,42891,-50.94
42891,42920,-50.24
42920,42949,-49.94
42949,42979,-49.22
42979,43008,-49.76
43008,43038,-49.65
43038,43068,-50.16
43068,43097,-49.58
43097,43127,-48.76
43127,43157,-49.85
43157,43187,-48.9
43187,43217,-49.35
43217,43247,-49.57
43247,43279,-48.98
43279,43310,-49.46
43310,43340,-49.87
43340,43371,-50.1
43371,43399,-49.3
43399,43427,-49.33
43427,43456,-49.65
43456,43485,-49.75
43485,43516,-48.93
43516,43546,-49.77
43546,43577,-49.54
43577,43608,-49.5
43608,43638,-49.42
43638,43667,-49.73
44901,44928,-49.44
44928,44955,-49.99
44955,44986,-50.75
44986,45017,-49.63
45017,45051,-49.41
45051,45084,-48.76
45084,45119,-50.03
45119,45153,-49.42
45153,45188,-48.88
45188,45223,-48.68
45293,45326,-48.87
45326,45359,-49.97
45359,45389,-48.65
45389,45419,-48.9
45419,45445,-47.87
45445,45471,-49.84
45471,45495,-48.6
45495,45520,-49.64
45520,45547,-49.39
45547,45575,-48.8
45575,45605,-48.57
45605,45634,-48.97
45634,45666,-48.84
45666,45697,-49.59
45697,45728,-49.5
45728,45760,-48.38
45760,45790,-48.66
45790,45820,-49.09
45820,45852,-47.53
45852,45883,-48.14
45883,45908,-47.96
45908,45933,-48.23
45933,45958,-48.56
45958,45983,-49.47
45983,46012,-47.39
46041,46072,-47.38
46072,46103,-48.33
46103,46132,-48.96
46132,46162,-48.38
46162,46194,-48.29
46194,46226,-48.25
46226,46258,-47.89
46258,46291,-47.39
46291,46323,-48.33
46323,46355,-47.49
46355,46387,-47.67
46387,46420,-47.96
46420,46447,-47.8
46447,46475,-48.47
46475,46501,-48.24
46501,46527,-48.46
46527,46554,-48.15
46554,46581,-48.23
46581,46608,-47.67
46608,46635,-48.45
46635,46662,-47.44
46662,46689,-47.16
46689,46715,-47.81
46715,46741,-47.78
46741,46770,-47.67
46770,46798,-47.1
46798,46827,-47.54
46827,46856,-48.03
46856,46884,-48.01
46884,46913,-48.2
46913,46941,-48.19
46941,46969,-48.41
46969,46997,-48.17
46997,47025,-48.03
47025,47054,-47.93
47054,47083,-47.71
47083,47113,-47.91
47113,47143,-48.1
47143,47172,-48
47172,47201,-48.25
47201,47230,-48.7
47230,47260,-47.84
47260,47291,-48.27
47291,47321,-47.8
47321,47355,-48.59
47355,47388,-47.97
47421,47454,-47.81
47454,47485,-47.42
47485,47516,-48.12
47516,47545,-47.67
47545,47574,-48.45
47574,47602,-47.39
47602,47631,-47.58
47631,47658,-48.44
47658,47685,-48.01
47685,47710,-48.44
47710,47736,-48.32
47736,47761,-48.14
47761,47787,-48.38
47787,47814,-48.18
47814,47840,-47.64
47840,47866,-47.88
47866,47892,-48.41
47892,47919,-47.78
47919,47945,-48.93
47945,47975,-48.78
47975,48005,-49.42
48005,48034,-49.3
48034,48064,-49.85
48064,48093,-49.75
48093,48122,-49.2
48122,48152,-50.12
48152,48181,-50.11
48181,48209,-49.45
48209,48237,-49.82
48237,48265,-49.5
48265,48293,-49.84
48293,48321,-49.34
48321,48349,-50.63
48349,48376,-50.28
48376,48404,-50.08
48404,48432,-49.71
48432,48461,-50.12
48461,48491,-49.93
48491,48521,-50.14
48521,48553,-50.12
48553,48585,-50.21
48585,48618,-49.29
48618,48652,-49.33
48652,48682,-49.72
48682,48713,-48.42
48713,48747,-49.87
48747,48781,-50.78
48781,48813,-49.26
48813,48845,-49.22
48845,48875,-49.51
48875,48905,-49.4
48905,48935,-49.77
48935,48964,-49.25
48964,48996,-50.14
48996,49027,-49.39
49027,49060,-49.72
49060,49092,-49.14
49092,49124,-50.72
49124,49157,-49.47
49157,49189,-48.93
49189,49221,-49.23
49221,49254,-48.25
49254,49287,-49.44
49287,49320,-49.44
49320,49353,-48.95
49353,49385,-50.05
49385,49418,-49.78
49418,49450,-49.41
49450,49483,-49.77
49483,49513,-48.59
49513,49544,-49.76
49544,49575,-49.11
49575,49606,-49.79
49606,49637,-49.72
49637,49668,-50.06
49668,49698,-49.98
49698,49728,-49.78
49728,49760,-50.04
49760,49791,-50.6
49791,49822,-49.32
49822,49853,-49.65
49853,49884,-49.16
49884,49915,-48.93
49915,49947,-49.93
49947,49979,-49.97
49979,50011,-49.72
50011,50043,-49.31
50043,50074,-48.88
50074,50105,-50.03
50105,50136,-49.91
50136,50167,-49.38
50167,50200,-49.5
50200,50232,-49.83
50232,50268,-48.68
50268,50303,-48.69
50303,50336,-49.92
50336,50368,-49.4
50368,50397,-49.09
50397,50425,-50.29
50425,50450,-47.94
50450,50476,-49.81
50476,50500,-49.54
50500,50524,-49.5
50524,50549,-49.2
50549,50574,-49.54
50574,50600,-49.33
50600,50627,-48.73
50627,50653,-49.28
50653,50679,-49.21
50679,50706,-49.05
50706,50732,-48.72
50732,50761,-49.04
50761,50791,-49.68
50791,50821,-49.66
50821,50852,-48.56
50852,50885,-48.84
50885,50917,-49.04
50917,50950,-49.87
50950,50983,-49.45
50983,51016,-48.41
51016,51050,-48.56
51050,51086,-48.8
51086,51122,-48.8
51122,51158,-49.33
51158,51193,-49.23
51193,51229,-47.71
51229,51264,-49.24
51264,51298,-48.65
51298,51333,-48.79
51333,51367,-48.01
51367,51401,-48.71
51401,51434,-49.78
51434,51467,-49.05
51467,51499,-49.02
51499,51530,-48.6
51530,51561,-48.67
51561,51592,-49.45
51592,51624,-49.07
51624,51657,-48.89
51657,51688,-48.58
51688,51720,-49.14
51720,51750,-48.3
51750,51780,-48.36
51780,51809,-48.69
51809,51838,-49.12
51838,51868,-48.33
51868,51897,-48.58
51897,51927,-48.26
51927,51956,-48.58
51956,51983,-48.63
51983,52011,-48.44
52011,52039,-48.99
52039,52066,-48.24
52066,52094,-48.76
52094,52121,-47.54
52121,52151,-48.96
52151,52181,-49.09
52181,52212,-48.41
52212,52243,-48.38
52243,52273,-48.83
52273,52303,-48.97
52303,52333,-47.81
52333,52363,-48.59
52363,52393,-48.73
52393,52422,-49.34
52422,52451,-48.42
52451,52480,-49.14
52480,52510,-48.11
52510,52539,-48.64
52539,52568,-48.6
52568,52597,-49.07
52597,52626,-48.9
52626,52654,-49.36
52654,52683,-49.46
52683,52712,-49.05
52712,52741,-48.53
52741,52769,-48.63
52769,52797,-48.06
52797,52825,-48.02
52825,52855,-48.51
52855,52885,-48.47
52885,52916,-48.86
52916,52947,-48.21
52947,52977,-49.33
52977,53007,-48.32
53007,53035,-48.4
53035,53062,-49.31
53062,53090,-48.43
53090,53117,-48.58
53117,53146,-49.07
53146,53174,-48.92
53174,53202,-48.46
53202,53229,-47.5
53229,53257,-48.84
53257,53285,-48.66
53285,53313,-47.75
53313,53341,-48.38
53341,53368,-48.13
53368,53396,-48.49
53396,53422,-47.91
53422,53449,-49.1
53449,53476,-47.54
53476,53503,-47.42
53503,53531,-47.39
53531,53558,-47.85
53558,53586,-48.41
53586,53614,-48.74
53614,53643,-48.57
53643,53672,-47.79
53672,53701,-47.15
53701,53730,-49.31
53730,53758,-48.55
53758,53786,-48.63
53786,53813,-48.53
53813,53841,-48.45
53841,53869,-48.86
53869,53897,-48.28
53897,53925,-47.94
53925,53954,-48.45
53954,53983,-48.12
53983,54013,-47.96
54013,54042,-47.76
54042,54072,-48.4
54072,54102,-48.87
54102,54132,-48.76
54132,54160,-48.76
54160,54188,-48.31
54188,54216,-48.94
54216,54244,-49.15
54244,54273,-48.84
54273,54301,-48.33
54301,54331,-49.55
54331,54362,-47.43
54362,54393,-48.81
54393,54424,-49.15
54424,54456,-48.88
54456,54487,-48.95
54487,54520,-49.58
54520,54553,-49.71
54553,54585,-48.89
54585,54617,-49.71
54617,54651,-49.65
54651,54684,-50.55
54684,54717,-48.85
54717,54751,-48.47
54751,54782,-48.78
54782,54813,-48.92
54813,54843,-48.78
54843,54873,-49.22
54873,54903,-48.77
54903,54934,-49.42
54934,54963,-48.42
54963,54992,-48.94
54992,55022,-49.18
55022,55051,-49.01
55051,55082,-48.55
55082,55113,-48.91
55113,55143,-48.6
55143,55173,-48.71
55173,55203,-49.29
55203,55234,-48.74
55234,55264,-48.83
55264,55294,-49.25
55294,55325,-49.12
55325,55355,-49.14
55355,55387,-49.14
55387,55419,-48.57
55419,55450,-49.1
55450,55480,-49.67
55480,55511,-49.27
55511,55541,-49.02
55541,55573,-49.25
55573,55604,-49.28
55604,55637,-49.62
55637,55669,-48.98
55669,55704,-49.77
55704,55738,-49.53
55738,55771,-49.22
55771,55805,-49.92
55805,55838,-49.35
55838,55871,-48.73
55871,55906,-50.48
55906,55941,-49.75
55941,55975,-49.88
55975,56009,-48.95
56009,56043,-49.75
56043,56078,-49.48
56078,56112,-49.44
56112,56146,-49.58
56146,56178,-50.19
56178,56210,-49.64
56210,56243,-49.78
56243,56276,-49.64
56276,56311,-49.52
56311,56345,-49.07
56345,56380,-50.37
56380,56413,-48.98
56413,56448,-49.79
56448,56482,-49.2
56482,56516,-50.05
56516,56549,-49.55
56549,56582,-49.1
56582,56615,-50.43
56615,56650,-49.23
56650,56684,-49.69
56684,56718,-49.26
56718,56751,-50.05
56751,56783,-50
56783,56815,-49.2
56815,56846,-49.59
56846,56877,-48.95
56877,56907,-49.06
56907,56938,-48.93
56938,56969,-48.3
56969,57000,-49.67
57000,57031,-48.65
57031,57062,-48.52
57062,57092,-49.2
57092,57122,-48.74
57122,57150,-48.79
57150,57178,-48.71
57178,57206,-48.43
57206,57235,-48.04
57235,57263,-47.64
57263,57291,-48.21
57291,57321,-49.02
57321,57351,-48.97
57351,57383,-48.99
57383,57415,-49.29
57415,57445,-48.38
57445,57476,-49.19
57476,57504,-48.52
57504,57532,-49.54
57532,57562,-48.39
57562,57591,-48.91
57591,57621,-48.59
57621,57651,-48.02
57651,57679,-49.09
57679,57708,-48.49
57708,57740,-48.82
57740,57772,-48.31
57772,57805,-49.88
57805,57839,-48.82
57839,57871,-49.56
57871,57903,-49.17
57903,57934,-48.67
57934,57965,-48.88
57965,57997,-48.16
57997,58028,-48.91
58028,58058,-49
58058,58087,-49.19
58087,58119,-48.57
58119,58150,-48.45
58150,58179,-48.98
58179,58209,-48.37
58209,58238,-48.47
58238,58266,-47.85
58266,58295,-48.24
58295,58324,-48.61
58324,58351,-48.87
58351,58379,-48.07
58379,58408,-48.75
58408,58437,-48.46
58437,58465,-48.83
58465,58494,-49.01
58494,58521,-48.06
58521,58548,-47.72
58548,58573,-48.41
58573,58598,-47.64
58598,58625,-47.71
58625,58650,-48.13
58650,58677,-48.05
58677,58703,-47.71
58703,58729,-47.68
58729,58755,-47.38
58755,58782,-48.53
58782,58808,-47.58
58808,58835,-47.86
58835,58862,-47.88
58862,58890,-48.37
58890,58917,-48.2
58917,58944,-48.05
58944,58971,-47.67
58971,58998,-48.59
58998,59025,-48.04
59025,59051,-48.04
59051,59078,-47.25
59078,59104,-47.23
59104,59130,-47.81
59130,59158,-48.36
59158,59187,-48.41
59187,59213,-48.19
59213,59238,-47.73
59238,59265,-47.99
59265,59292,-48.53
59292,59321,-47.01
59321,59350,-47.99
59350,59378,-47.91
59378,59407,-48.53
59407,59433,-48.05
59433,59460,-47.59
59460,59487,-48.39
59487,59514,-48.5
59514,59542,-48.46
59542,59570,-48.63
59570,59598,-47.88
59598,59625,-48.07
59625,59654,-48.07
59654,59682,-47.81
59682,59712,-48.73
59712,59741,-47.98
59741,59767,-47.83
59767,59794,-48.14
59794,59820,-48.33
59820,59845,-48.21
59845,59872,-48.7
59872,59898,-47.84
59898,59925,-48.64
59925,59952,-49.16
59952,59980,-48.78
59980,60008,-48.58
60008,60037,-48.48
60037,60066,-47.62
60096,60125,-48.78
60125,60156,-48.23
60156,60187,-49.23
60187,60217,-48.96
60217,60247,-49.78
60247,60276,-48.77
60276,60306,-49.07
60306,60337,-49.02
60368,60398,-48.79
60398,60428,-48.4
60428,60458,-48.3
60458,60487,-49.15
60487,60517,-48.1
60517,60548,-48.46
60548,60575,-48.38
60575,60603,-48.51
60603,60631,-49.52
60631,60660,-48.63
60660,60689,-49.31
60689,60719,-48.72
60719,60750,-48.91
60750,60781,-48.91
60781,60812,-49.46
60812,60843,-48.63
60843,60873,-48.96
60873,60903,-49.15
60903,60933,-49.4
60933,60963,-49.05
60963,60995,-49.1
60995,61027,-49.23
61027,61059,-49.43
61059,61090,-49.85
61090,61122,-49.06
61122,61153,-49.59
61153,61185,-49.02
61185,61217,-49.37
61217,61250,-49.26
61250,61283,-49.26
61283,61317,-48.24
61317,61350,-49.16
61350,61385,-48.14
61385,61419,-49.02
61419,61454,-49.16
61454,61489,-49.79
61489,61523,-49.21
61523,61557,-49.07
61557,61592,-48.35
61592,61627,-49.29
61627,61662,-48.91
61662,61697,-49.76
61697,61732,-48.89
61732,61767,-49.34
61767,61803,-48.65
61803,61839,-49.81
61839,61877,-50.33
61877,61915,-49.65
61915,61953,-49.09
61953,61992,-49.77
61992,62031,-49.7
62031,62071,-50.13
62071,62109,-49.73
62109,62146,-49.98
62146,62184,-49.3
62184,62222,-49.66
62222,62261,-49.44
62261,62300,-49.84
62300,62341,-50.29
62341,62382,-49.72
62382,62420,-49.59
62420,62459,-49.97
62459,62499,-49.97
62499,62539,-49.07
62539,62581,-50.12
62581,62623,-50.73
62623,62665,-50.17
62665,62706,-50.51
62706,62747,-50.13
62747,62788,-50.37
62788,62832,-50.5
62832,62876,-50.53
62876,62918,-50.44
62918,62960,-49.76
62960,63005,-49.84
63005,63049,-49.88
63049,63094,-50.15
63094,63139,-49.95
63139,63183,-50.61
63183,63227,-50.36
63227,63270,-50.19
63270,63313,-51.18
63313,63356,-50.74
63356,63398,-50.01
63398,63440,-50.63
63440,63482,-50.14
63482,63521,-50.14
63521,63561,-50.04
63561,63596,-50.59
63596,63631,-50.29
63631,63668,-49.8
63668,63704,-50.02
63704,63739,-50.79
63739,63775,-50.39
63775,63814,-50.07
63814,63853,-50.04
63853,63890,-50.23
63890,63928,-50.43
63928,63963,-50.12
63963,63998,-50.44
63998,64035,-49.93
64035,64073,-50.65
64073,64113,-49.65
64113,64153,-49.81
64153,64193,-50.05
64193,64233,-50.59
64233,64274,-50.47
64274,64315,-50.91
64315,64355,-51.46
64355,64396,-51.19
64396,64435,-49.73
64435,64474,-50.25
64474,64515,-51.12
64515,64555,-51.29
64555,64595,-50.23
64595,64634,-49.41
64634,64674,-51.06
64674,64715,-50.18
64715,64754,-50.87
64754,64793,-50.98
64793,64833,-50.68
64833,64873,-50.19
64873,64912,-49.68
64912,64951,-50.22
64951,64988,-50.56
64988,65025,-50.54
65025,65061,-50.82
65061,65096,-50.25
65096,65135,-51
65135,65174,-50.85
65174,65212,-50.94
65212,65249,-50.58
66066,66106,-51.27
66145,66185,-51.03
66185,66225,-50.96
66225,66265,-51.97
66265,66303,-50.82
66303,66342,-51.28
66342,66380,-50.57
66380,66418,-50.47
66418,66456,-51.02
66456,66494,-50.66
66494,66530,-50.8
66530,66566,-50.35
66566,66605,-50.93
66605,66644,-50.97
66644,66681,-50.08
66681,66718,-51.09
66718,66756,-50.23
66756,66795,-50.39
66795,66833,-51.4
66833,66871,-50.81
66871,66909,-50.47
66909,66946,-50.07
66946,66986,-50.37
66986,67025,-50.79
67025,67063,-50.5
67063,67102,-50.53
67102,67141,-50.83
67141,67180,-50.61
67180,67219,-50.45
67219,67258,-51.43
67258,67296,-50.96
67296,67334,-51.63
67334,67372,-50.69
67372,67409,-51.23
67409,67448,-51
67448,67486,-50.73
67486,67522,-51.41
67522,67558,-51.52
67558,67594,-51.38
67594,67629,-52.1
67629,67666,-50.36
67666,67703,-49.42
67703,67741,-49.49
67741,67778,-51.21
67778,67811,-51.21
67811,67843,-51.43
67843,67878,-50.49
67878,67913,-49.85
67913,67948,-50.47
67948,67982,-51.38
67982,68017,-50.42
68017,68052,-50.5
68052,68089,-50.16
68089,68126,-51.6
68126,68164,-50.75
68164,68202,-51.14
68202,68240,-50.57
68240,68278,-51.01
68278,68311,-50.83
68311,68344,-51.9
68344,68377,-50.58
68411,68444,-49.19
68444,68477,-50.19
68477,68510,-50.04
68510,68543,-49.96
68543,68574,-50.27
68574,68606,-49.3
68606,68638,-50.29
68638,68670,-49.54
68670,68703,-50.68
68703,68736,-49.89
68736,68771,-48.89
68771,68806,-50.06
68806,68841,-49.61
68841,68877,-50.52
68877,68912,-50.1
68912,68947,-51
68947,68984,-50.38
68984,69021,-50.57
69021,69057,-51.38
69057,69093,-48.63
69093,69130,-51.44
69130,69166,-51.09
69166,69202,-50.82
69202,69236,-50.6
69236,69273,-50.96
69273,69309,-51.35
69309,69345,-50.61
69345,69380,-51.18
69380,69412,-51.22
69412,69445,-50.43
69445,69479,-50.23
69479,69513,-49.74
69513,69548,-50.19
69548,69584,-50.25
69584,69617,-49.94
69617,69651,-50.74
69651,69682,-50.34
69682,69714,-49.93
69714,69746,-50.06
69746,69778,-49.25
69778,69812,-50.1
69812,69846,-50.04
69846,69881,-49.26
69881,69916,-49.59
69916,69950,-50.45
69950,69985,-49.23
69985,70019,-49.97
70019,70054,-50.22
70054,70090,-49.11
70090,70125,-50.2
70125,70158,-49.16
70158,70192,-49.23
70192,70224,-49.31
70224,70257,-48.82
70257,70291,-49.5
70291,70324,-49.55
70324,70356,-48.88
70356,70387,-49.16
70387,70419,-48.75
70419,70451,-48.75
70451,70482,-49.61
70482,70513,-49.07
70513,70542,-48.55
70542,70572,-50.05
70572,70602,-48.07
70602,70632,-47.64
70632,70661,-48.72
70661,70690,-48.4
70690,70719,-47.96
70719,70747,-49.05
70747,70775,-48.65
70775,70804,-47.95
70804,70833,-47.73
70833,70862,-48.76
70862,70892,-47.77
70892,70921,-47.76
70921,70953,-48.62
70953,70985,-48.41
70985,71016,-48.45
71016,71046,-47.95
71074,71101,-48.3
71101,71129,-48.07
71129,71157,-48.15
71157,71184,-47.17
71184,71210,-47.17
71210,71236,-48.08
71236,71262,-48.05
71262,71288,-47.66
71288,71314,-47.9
71314,71342,-47.94
71342,71371,-47.15
71371,71401,-47.49
71401,71431,-47.4
71431,71462,-47.69
71462,71493,-47.75
71493,71526,-47.96
71526,71558,-47.72
71558,71590,-47.42
71590,71622,-47.51
71622,71654,-47.46
71654,71687,-47.74
71687,71719,-47.15
71719,71751,-47.21
71751,71783,-47.8
71783,71815,-48.1
71815,71846,-47
71846,71878,-47.58
71878,71909,-47.06
71909,71941,-47.51
71941,71973,-48.04
71973,72005,-47.04
72005,72038,-47.2
72038,72071,-46.92
72071,72106,-46.91
72106,72141,-48.38
72141,72175,-47.84
72175,72209,-47.99
72209,72244,-47.58
72244,72280,-47.62
72280,72319,-48.01
72319,72358,-48.26
72358,72402,-49.27
72402,72447,-49.7
72447,72493,-49.27
72493,72539,-48.27
72539,72583,-49.05
72583,72627,-48.65
72627,72666,-48.65
72666,72705,-48.23
72705,72742,-48.92
72742,72778,-48.34
72778,72818,-47.85
72818,72858,-48.55
72858,72899,-47.95
72899,72940,-49.05
72940,72982,-48.8
72982,73024,-48.75
73024,73066,-48.32
73066,73107,-47.83
73107,73147,-48.37
73147,73188,-47.53
73188,73229,-47.98
73229,73271,-47.8
73271,73310,-48
73310,73349,-48.72
73349,73389,-47.77
73389,73428,-48.34
73428,73468,-47.43
73468,73508,-47.71
73508,73545,-48.16
73545,73583,-47.68
73583,73620,-47.65
73620,73658,-48.59
73658,73695,-48.52
73695,73731,-47.63
73731,73768,-48.05
73768,73805,-47.25
73805,73841,-47.82
73841,73876,-47.16
73876,73909,-48.01
73909,73941,-48.09
73941,73974,-48.53
73974,74007,-48.59
74007,74041,-47.94
74041,74074,-47.63
74074,74106,-47.91
74106,74138,-47.73
74138,74171,-47.22
74171,74204,-47.4
74204,74236,-47.14
74236,74268,-48.11
74268,74300,-47.12
74300,74333,-47.32
74333,74364,-46.93
74364,74394,-47.73
74394,74424,-46.97
74424,74454,-47.71
74454,74482,-48.08
74482,74510,-47.31
74510,74537,-46.68
74537,74564,-47.56
74564,74591,-47.12
74591,74619,-47.08
74619,74646,-46.93
74646,74674,-46.98
74674,74703,-47.1
74703,74732,-47.11
74732,74761,-46.63
74761,74791,-48.02
74791,74820,-47.2
74820,74849,-46.86
74849,74878,-47.63
74878,74907,-48.01
74907,74935,-47.67
74935,74964,-47.76
74964,74992,-47.94
74992,75021,-47.42
75021,75050,-47.61
75050,75080,-46.82
75080,75109,-46.93
75109,75138,-47.19
75138,75166,-47.96
75166,75195,-46.88
75195,75224,-47.79
75224,75253,-47.92
75253,75283,-47.64
75283,75313,-47.28
75313,75343,-48
75343,75373,-47.65
75373,75405,-46.98
75405,75436,-47.83
75436,75467,-47.8
75467,75499,-46.66
75499,75531,-46.74
75531,75562,-47.74
75562,75595,-47.94
75595,75627,-47.26
75627,75661,-47.16
75661,75695,-47.95
75695,75729,-47.49
75729,75763,-48.55
75763,75800,-48.33
75800,75837,-47.76
75837,75873,-48.27
75873,75910,-48.19
75946,75981,-48.53
75981,76016,-48.13
76016,76052,-47.85
76052,76086,-48.9
76086,76120,-47.85
76120,76157,-47.68
76157,76194,-47.57
76194,76230,-48.84
76230,76267,-48.7
76267,76303,-47.73
76303,76338,-46.87
76338,76374,-48.2
76374,76410,-48.48
76410,76449,-48.32
76449,76487,-47.72
76487,76524,-48.03
76524,76561,-48.37
76561,76597,-47.81
76597,76633,-46.81
76633,76670,-47.91
76670,76707,-47.42
76707,76746,-48.38
76746,76785,-47.94
76785,76823,-48.42
76823,76862,-47.44
76862,76900,-47.4
76900,76937,-47.79
76937,76974,-46.61
76974,77010,-46.42
77010,77047,-47.52
77047,77083,-47.4
77083,77120,-47.4
77120,77158,-48.6
77158,77193,-47.08
77193,77229,-47.19
77229,77266,-48.03
77266,77302,-46.96
77302,77338,-46.52
77338,77373,-46.75
77373,77411,-47.33
77411,77449,-47.86
77449,77488,-47.54
77488,77528,-47.78
77528,77566,-47.9
77566,77604,-46.89
77604,77645,-47.04
77645,77685,-46.74
77685,77725,-47.35
77725,77764,-47.63
77764,77803,-47.39
77803,77841,-47.48
77841,77880,-47.6
77880,77918,-47.13
77918,77957,-47.47
77957,77995,-47.49
77995,78033,-47.02
78033,78070,-47.13
78070,78110,-47.68
78110,78149,-47.89
78149,78187,-47.69
78187,78225,-46.81
78225,78268,-47.35
78268,78310,-47.56
78310,78351,-47.71
78351,78392,-47.05
78392,78431,-47.12
78431,78470,-47.32
78470,78511,-46.82
78511,78552,-47.88
78552,78591,-47.06
78591,78631,-48.11
78631,78670,-46.84
78670,78709,-47.51
78709,78747,-47.4
78747,78785,-46.47
78785,78825,-47.1
78825,78865,-47.31
78865,78905,-47.33
78905,78946,-46.91
78946,78987,-46.53
78987,79029,-47.14
79029,79071,-46.67
79071,79114,-46.86
79114,79155,-47.65
79155,79196,-46.54
79196,79238,-46.69
79238,79279,-46.96
79279,79317,-47.46
79317,79356,-47.05
79356,79395,-46.3
79395,79434,-46.75
79434,79475,-47.25
79475,79516,-46.88
79516,79558,-46.44
79558,79600,-46.67
79600,79641,-47.35
79641,79682,-46.65
79682,79721,-46.17
79721,79760,-47.08
79760,79801,-45.67
79801,79842,-46.32
79842,79885,-46.61
79885,79928,-46.27
79928,79971,-45.69
79971,80014,-45.98
80014,80056,-45.96
80056,80097,-46.07
80097,80137,-45.71
80137,80177,-46.01
80177,80220,-45.66
80220,80263,-45.79
80263,80306,-46.45
80306,80349,-46.54
80349,80390,-46.04
80390,80432,-45.52
80432,80476,-45.3
80476,80519,-45.4
80519,80563,-46.11
80563,80606,-45.8
80606,80648,-45.96
80648,80691,-45.24
80691,80734,-44.7
80734,80778,-44.68
80778,80821,-45.66
80821,80865,-45.69
80865,80910,-45.53
80910,80955,-45.57
80955,81002,-45.3
81002,81048,-45.19
81048,81094,-45.13
81094,81140,-44.94
81140,81188,-45.58
81188,81236,-45.52
81236,81281,-45.46
81281,81326,-45.54
81326,81370,-44.95
81370,81414,-45.58
81414,81462,-45.82
81462,81510,-45.39
81510,81559,-45.17
81559,81607,-44.94
81607,81655,-45.73
81655,81703,-45.79
81703,81748,-44.92
81748,81792,-45.36
81792,81838,-45.97
81838,81884,-45.98
81884,81933,-45.53
81933,81981,-45.71
81981,82029,-45.42
82029,82078,-45.72
82078,82125,-45.43
82173,82219,-45.68
82219,82265,-45.41
82265,82308,-45.81
82308,82351,-45.42
82351,82395,-45.11
82395,82439,-46.02
82439,82484,-45.7
82484,82528,-45.82
82528,82575,-45.57
82575,82621,-45.7
82621,82662,-45.21
82662,82704,-44.95
82704,82748,-45.73
82748,82792,-45.29
82792,82836,-45.15
82836,82880,-46.29
82880,82924,-45.34
82924,82969,-45.14
82969,83012,-45.15
83012,83055,-45.63
83055,83096,-45.18
83096,83138,-45.81
83138,83178,-45.09
83178,83219,-45.63
83219,83259,-44.97
83259,83299,-45.16
83299,83341,-45.02
83341,83382,-45.07
83382,83426,-45.44
83426,83470,-44.91
83470,83512,-45.04
83512,83554,-45.15
83554,83599,-45.39
83599,83643,-46.13
83643,83685,-44.73
83685,83726,-45.4
83726,83766,-45.38
83766,83807,-44.86
83807,83850,-45.22
83850,83894,-45.05
83894,83936,-45.77
83936,83977,-45.34
83977,84018,-45.37
84018,84059,-45.16
84059,84102,-45.13
84102,84145,-45.98
84145,84188,-45.95
84188,84232,-45.6
84232,84275,-46.01
84275,84319,-45.37
84319,84362,-45.69
84362,84404,-45.46
84404,84446,-45.54
84446,84489,-45.92
84489,84531,-45.44
84531,84575,-45.88
84575,84614,-46.12
84614,84655,-45.75
84655,84697,-46.06
84697,84738,-45.85
84738,84782,-45.55
84782,84827,-46.38
84827,84869,-46.36
84869,84911,-46.21
84911,84956,-45.95
84956,85000,-46.63
85000,85044,-46.47
85044,85087,-45.68
85087,85131,-45.94
85131,85175,-46.52
85175,85215,-46.39
85215,85254,-46.25
85254,85298,-46.63
85298,85341,-47.34
85341,85385,-46.73
85385,85428,-46.49
85428,85471,-46.5
85471,85515,-46.35
85515,85558,-45.97
85558,85602,-46.59
85602,85645,-46.39
85645,85688,-46.25
85688,85731,-47.17
85731,85774,-46.94
85774,85819,-46.4
85819,85864,-46.85
85864,85908,-46.46
85908,85952,-46.74
85952,85995,-46.87
85995,86037,-47.12
86037,86080,-47.53
86080,86122,-47.3
86122,86166,-46.91
86166,86210,-47.61
86210,86255,-46.89
86255,86299,-47.26
86299,86344,-46.77
86344,86388,-47.05
86433,86479,-47.39
86479,86526,-47.28
86526,86573,-46.88
86573,86622,-48.02
86622,86671,-47.49
86671,86716,-47.37
86716,86761,-47.63
86761,86809,-47.58
86809,86856,-47.56
86856,86903,-47.02
86903,86950,-47.49
86950,86998,-48.21
86998,87046,-47.73
87046,87096,-48.23
87096,87147,-49.04
87147,87202,-48.56
87202,87256,-48.5
87256,87309,-48.51
87309,87362,-48.58
87362,87410,-48.61
87410,87459,-48.64
87459,87510,-48.11
87510,87562,-48.34
87562,87612,-48.34
87612,87662,-48.38
87662,87712,-48.6
87712,87762,-49.12
87762,87812,-47.97
87812,87862,-48.29
87862,87913,-48.17
87913,87963,-47.94
87963,88010,-48.1
88010,88058,-48.3
88058,88106,-48.94
88106,88154,-48.01
88154,88203,-48.07
88203,88253,-47.99
88253,88302,-47.32
88302,88352,-47.89
88352,88400,-48.11
88400,88448,-47.94
88448,88498,-48.52
88498,88547,-48.46
88547,88595,-48.34
88595,88643,-49.03
88643,88691,-47.9
88691,88739,-47.74
88739,88785,-48.13
88785,88831,-48.38
88831,88877,-48.14
88877,88924,-47.72
88924,88972,-48.29
88972,89020,-48.32
89020,89069,-47.76
89069,89118,-47.54
89118,89163,-48.15
89163,89208,-48.32
89208,89254,-47.65
89254,89301,-47.31
89301,89345,-47.84
89345,89388,-47.63
89388,89434,-47.73
89434,89479,-47.2
89479,89524,-47.7
89524,89570,-48.17
89570,89620,-47.8
89620,89670,-47.44
89670,89718,-48.05
89718,89765,-47.99
89765,89811,-47.23
89811,89857,-48.6
89857,89901,-47.53
89901,89945,-47.46
89945,89987,-47.97
89987,90028,-48.44
90028,90071,-48.02
90071,90115,-47.48
90115,90159,-47.98
90159,90204,-47.49
90204,90246,-47.69
90246,90289,-48.09
90289,90333,-47.76
90333,90377,-47.87
90377,90423,-47.99
90423,90468,-48.61
90468,90512,-48.77
90512,90556,-47.56
90556,90607,-48.15
90607,90657,-47.61
90657,90707,-47.51
90707,90757,-48.15
90757,90805,-47.61
90805,90853,-47.77
90853,90898,-47.24
90898,90944,-48.21
90944,90990,-47.95
90990,91036,-47.22
91036,91082,-48.36
91082,91129,-47.61
91129,91177,-47.28
91177,91225,-47.77
91225,91273,-47.64
91273,91321,-47.98
91321,91366,-47.87
91366,91412,-47.35
91412,91458,-47.22
91458,91504,-47.23
91504,91547,-47.96
91547,91590,-47.02
91590,91637,-46.85
91637,91683,-47.37
91683,91730,-47.68
91730,91777,-47.27
91777,91823,-47.4
91823,91869,-47.05
91869,91916,-47.35
91916,91962,-47.57
92009,92055,-47.12
92055,92102,-47.85
92102,92149,-46.92
92149,92199,-46.94
92199,92248,-47.12
92248,92297,-47.32
92297,92345,-47.18
92345,92392,-46.81
92392,92438,-47.86
92438,92487,-46.85
92487,92537,-46.8
92537,92585,-47.89
92585,92634,-46.71
92634,92685,-47.11
92685,92735,-47.43
92735,92786,-46.25
92786,92837,-46.18
92837,92889,-46.11
92889,92941,-46.73
92941,92998,-46.45
92998,93056,-46.52
93056,93114,-46.08
93114,93173,-45.88
93173,93234,-46.41
93234,93295,-45.67
93295,93354,-45.47
93354,93413,-45.78
93413,93476,-45.8
93476,93538,-46.21
93538,93601,-44.97
93601,93665,-45.24
93665,93724,-45.66
93724,93783,-45.59
93783,93842,-45.74
93842,93901,-46.3
93901,93961,-45.84
93961,94021,-45.54
94021,94078,-45.49
94078,94135,-45.4
94135,94191,-45.13
94191,94247,-45.98
94247,94304,-45.13
94304,94360,-45.59
94360,94417,-45.5
94417,94474,-45.86
94474,94531,-46.13
94531,94587,-45.41
94587,94646,-46.38
94646,94705,-46.41
94705,94758,-45.45
94758,94811,-46.31
94811,94859,-45.89
94859,94907,-46.11
94907,94958,-46.44
94958,95009,-45.61
95009,95062,-45.71
95062,95116,-46.05
95116,95171,-45.85
95171,95226,-45.92
95226,95285,-46.83
95285,95344,-46.17
95344,95403,-46.59
95403,95462,-46.24
95462,95520,-46.2
95520,95579,-46.45
95579,95637,-46.3
95637,95695,-45.35
95695,95753,-46.31
95753,95811,-46.62
95811,95870,-46.59
95870,95928,-46.01
95928,95985,-46.5
95985,96042,-45.98
96042,96101,-46.6
96101,96161,-46.33
96161,96217,-46.52
96217,96274,-45.31
96274,96334,-46.2
96334,96395,-46.2
96395,96455,-46.31
96455,96516,-46.28
96516,96582,-46.72
96582,96647,-46.33
96647,96707,-46.17
96707,96767,-46.34
96767,96825,-46.46
96825,96883,-46.69
96883,96940,-46.43
96940,96998,-46.59
96998,97055,-46.21
97055,97112,-46.09
97112,97167,-46.46
97167,97222,-46.11
97222,97276,-45.93
97276,97330,-45.97
97330,97384,-46.39
97384,97438,-46.73
97438,97494,-46.57
97494,97549,-46.5
97549,97606,-46.72
97606,97663,-46.35
97663,97718,-46.97
97718,97773,-46.35
97773,97828,-46.48
97828,97882,-45.91
97882,97941,-46.57
97941,97999,-46.14
97999,98053,-46.39
98053,98107,-46.69
98107,98163,-46.27
98163,98218,-46.39
98218,98275,-46.81
98275,98332,-46.55
98332,98389,-47.1
98389,98447,-46.56
98447,98503,-46.28
98503,98558,-46.96
98558,98616,-46.31
98616,98674,-46.53
98674,98736,-46.34
98736,98797,-46.17
98797,98857,-46.24
98857,98917,-46.65
98917,98977,-46.58
98977,99036,-46.14
99036,99094,-45.96
99094,99152,-46.8
99152,99213,-46.29
99213,99274,-46.76
99274,99331,-46.35
99331,99389,-47.06
99389,99446,-47.17
99446,99503,-46.7
99503,99558,-46.63
99558,99614,-46.94
99614,99668,-46.89
99668,99723,-47.28
99723,99780,-46.95
99780,99837,-47.15
99837,99897,-47.02
99897,99957,-46.62
99957,100016,-46.88
100016,100074,-47.39
100074,100132,-46.72
100132,100190,-46.99
100190,100248,-47.24
100248,100305,-46.78
100305,100365,-47.13
100365,100424,-46.76
100424,100481,-46.81
100481,100539,-47.46
100539,100598,-47.26
100598,100658,-47.33
100658,100717,-47.09
100717,100776,-47.02
100776,100834,-47.2
100834,100891,-46.65
100891,100954,-46.61
100954,101017,-46.71
101017,101079,-46.68
101079,101141,-46.61
101141,101200,-46.24
101200,101258,-47
101314,101371,-46.73
101371,101427,-46.33
101427,101483,-46.44
101483,101544,-46.28
101544,101606,-45.86
101606,101669,-46.11
101669,101732,-46.09
101732,101794,-46.52
101794,101857,-46.09
101857,101920,-46.45
101920,101983,-46.74
101983,102049,-45.28
102049,102116,-45.69
102116,102182,-45.39
102182,102249,-46.32
102249,102321,-46.03
102321,102392,-46.3
102392,102463,-46.22
102463,102533,-45.82
102533,102604,-45.48
102604,102675,-45.84
102675,102749,-46.28
102749,102823,-46.16
102823,102897,-45.75
102897,102971,-46.24
102971,103049,-46.18
103049,103127,-46.66
103127,103208,-46.41
103208,103288,-47.06
103288,103373,-47.37
103373,103459,-48.19
103459,103546,-48.25
103546,103634,-47.72
103634,103721,-47.71
103721,103807,-47.74
103807,103892,-48.42
103892,103975,-47.76
103975,104058,-47.97
104058,104142,-48.08
104142,104222,-48.27
104222,104302,-47.62
104302,104383,-47.6
104383,104463,-48.31
104463,104543,-47.74
104543,104622,-47.7
104622,104696,-47.5
104696,104771,-47.58
104771,104844,-47.63
104844,104917,-47.55
104917,104988,-47.1
104988,105060,-46.99
105060,105130,-47.91
105130,105199,-47.33
105199,105270,-47.19
105270,105341,-47.26
105341,105419,-47.62
105419,105497,-47.5
105497,105578,-46.87
105578,105658,-47.24
105658,105739,-47.74
105739,105821,-47.47
105821,105899,-46.91
105899,105977,-47.53
105977,106055,-47.79
106055,106132,-48.01
106132,106209,-47.14
106209,106286,-46.57
106286,106361,-46.6
106361,106435,-47.4
106435,106507,-47.11
106507,106579,-46.75
106579,106651,-47.07
106651,106722,-47.16
106722,106802,-46.77
106802,106882,-46.4
106882,106959,-47.1
106959,107036,-47.39
107036,107115,-47.24
107115,107193,-46.97
107193,107273,-47.7
107273,107353,-47.22
107353,107434,-46.89
107434,107515,-47.6
107515,107594,-47.48
107594,107673,-47.35
107673,107753,-47.19
107753,107834,-47.35
107834,107917,-48.62
107917,108000,-48.6
108000,108083,-48.34
108083,108165,-48.43
108165,108250,-48.93
108250,108335,-49.3
108335,108420,-49.26
108420,108505,-49.65
108505,108589,-49.18
108589,108673,-48.91
108673,108756,-49.12
108756,108840,-49.1
108840,108924,-49.02
108924,109007,-49.38
109007,109093,-48.87
109093,109178,-49.19
109178,109259,-48.89
109259,109341,-48.95
109341,109425,-48.75
109425,109509,-48.47
109509,109591,-48.98
109591,109673,-48.75
109673,109756,-48.73
109756,109838,-48.47
109838,109924,-48.45
109924,110010,-48.43
110010,110090,-48.33
110090,110170,-47.85
110170,110255,-48.38
110255,110341,-48.42
110341,110420,-48.11
110420,110500,-47.92
110500,110582,-48.09
110582,110665,-48.58
110665,110746,-48.28
110746,110827,-48.61
110827,110906,-48.15
110906,110986,-48.49
110986,111066,-48.72
111066,111146,-48.01
111146,111223,-47.84
111223,111300,-47.23
111300,111379,-47.71
111379,111459,-48.11
111459,111535,-47.66
111535,111611,-47.85
111611,111687,-47.94
111687,111763,-47.89
111763,111841,-47.8
111841,111920,-47.55
111920,112001,-47.35
112001,112083,-47.56
112083,112167,-47.38
112167,112250,-47.19
112250,112337,-47.19
112337,112424,-46.97
112424,112508,-47.37
112508,112591,-46.9
112591,112670,-46.81
112670,112749,-46.43
112749,112830,-47.28
112830,112911,-47.29
112911,112988,-47.02
112988,113064,-47.29
113064,113139,-46.64
113139,113214,-47.3
113214,113286,-46.66
113286,113357,-47.31
113357,113431,-47.32
113431,113504,-47.99
113504,113575,-47.37
113575,113646,-47.06
113646,113716,-47.44
113716,113786,-47.71
113786,113851,-47.14
113851,113915,-46.97
113915,113979,-47.33
113979,114043,-46.84
114043,114105,-46.99
114105,114166,-47.28
114166,114230,-46.73
114230,114293,-47.68
114355,114417,-46.45
114417,114480,-46.49
114480,114542,-46.52
114542,114606,-47.06
114606,114670,-46.97
114670,114728,-47.1
114728,114786,-46.73
114786,114842,-45.96
114842,114898,-46.99
114898,114955,-46.38
114955,115012,-46.11
115012,115065,-46.7
115065,115118,-45.44
115118,115173,-45.75
115173,115228,-45.92
115228,115282,-45.83
115282,115336,-45.54
115336,115395,-45.42
115395,115454,-45.13
115454,115514,-45.85
115514,115575,-45.76
115575,115637,-46.32
115637,115699,-46.32
115699,115763,-46.58
115763,115828,-45.78
115828,115894,-45.84
115894,115960,-45.65
115960,116027,-45.7
116027,116095,-45.62
116095,116165,-45.54
116234,116301,-45.56
116301,116368,-46.04
116368,116434,-44.83
116434,116500,-44.8
116500,116568,-44.67
116568,116637,-44.55
116637,116704,-44.74
116704,116771,-44.53
116771,116839,-44.84
116839,116907,-44.01
116907,116974,-43.61
116974,117040,-43.43
117040,117106,-44.1
117106,117173,-44.07
117173,117238,-44.13
117238,117302,-44.08
117302,117367,-45.05
117367,117430,-44.56
117430,117496,-44.04
117496,117559,-43.77
117559,117625,-44.48
117625,117691,-43.95
117691,117758,-44.09
117758,117824,-43.24
117824,117894,-44.41
117894,117964,-43.56
117964,118031,-43.59
118031,118098,-43.55
118098,118171,-43.12
118244,118321,-42.23
118321,118398,-42.61
118398,118474,-42.28
118474,118549,-42.08
118549,118630,-42.42
118630,118710,-42.44
118710,118788,-42.66
118788,118866,-42.48
118866,118940,-42.02
118940,119015,-41.98
119606,119673,-42.49
119673,119741,-42.3
119741,119806,-42.06
119806,119871,-42.48
119871,119939,-42.25
119939,120007,-41.94
120007,120073,-42
120073,120139,-42.13
120139,120203,-42.66
120203,120266,-42.38
120266,120327,-42.44
120327,120389,-42.37
120389,120453,-42.1
120453,120516,-42.52
120516,120580,-42.52
120580,120645,-42.56
120645,120708,-42.37
120708,120772,-42.7
120832,120892,-42.67
120892,120949,-42.54
120949,121007,-42.52
121007,121063,-42.45
121063,121118,-42.15
121174,121229,-42.07
121229,121286,-42.41
121286,121343,-42.17
121343,121400,-41.63
121400,121457,-41.98
121457,121511,-41.33
121511,121566,-41.36
121566,121625,-41.84
121625,121683,-41.47
121683,121744,-41.03
121744,121804,-41.73
121804,121868,-41.41
121868,121932,-41.79
121932,122004,-40.97
122004,122076,-41.12
122076,122152,-41.29
122152,122227,-41.73
122227,122304,-40.86
122304,122382,-41.45
122382,122467,-40.93
122467,122552,-41.07
122552,122638,-41.17
122638,122723,-41.45
122723,122809,-40.42
122809,122895,-40.61
122895,122986,-40.53
122986,123077,-40.18
123077,123172,-41.02
123172,123267,-41.09
123267,123365,-40.85
123365,123463,-41.33
123463,123560,-40.58
123560,123658,-40.59
123658,123753,-41.13
123753,123847,-40.63
123847,123941,-40.58
123941,124035,-41.06
124035,124127,-41.03
124127,124220,-40.86
124220,124305,-41.11
124305,124391,-40.35
124391,124479,-39.84
124479,124568,-40.49
124568,124659,-40.37
124659,124751,-40.14
124751,124838,-40.61
124838,124924,-40.58
124924,125011,-40.82
125011,125097,-40.97
125097,125182,-40.81
125182,125266,-40.74
125266,125349,-40.79
125349,125432,-40.76
125432,125512,-40.44
125512,125592,-40.5
125592,125675,-40.59
125675,125757,-40.96
125757,125842,-41.28
125842,125926,-40.66
125926,126008,-41.34
126008,126090,-40.65
126090,126172,-41.42
126172,126254,-41.01
126254,126336,-40.48
126336,126418,-41.22
126418,126506,-41.32
126506,126594,-40.99
126594,126676,-41.25
126676,126758,-40.96
126758,126836,-40.95
126836,126914,-41.4
126914,126991,-40.96
126991,127068,-41.47
127068,127148,-40.69
127148,127229,-40.99
127229,127313,-40.38
127313,127397,-40.28
127397,127482,-40.66
127482,127567,-40.61
127567,127654,-40.41
127654,127740,-40.4
127740,127826,-39.91
127826,127911,-39.87
127911,127995,-39.81
127995,128078,-40.15
128078,128166,-40.24
128166,128255,-40.51
128255,128344,-40.17
128344,128433,-40.5
128433,128526,-40.47
128526,128619,-40.4
128619,128720,-40.25
128720,128822,-39.92
128822,128934,-40.46
128934,129047,-40.64
129047,129161,-40.78
129161,129276,-40.74
129276,129398,-40.99
129398,129521,-40.97
129521,129649,-41.16
129649,129778,-41.43
129778,129908,-41.04
129908,130039,-41.73
130039,130177,-41.85
130177,130315,-41.75
130315,130462,-41.98
130462,130608,-42.25
130608,130767,-42.72
130767,130927,-42.83
130927,131091,-42.87
131091,131255,-43.32
131255,131426,-43.73
131426,131596,-43.76
131596,131780,-44.04
131780,131963,-44.62
131963,132149,-44.55
132149,132335,-44.64
132335,132525,-44.98
132525,132715,-44.89
132715,132914,-45.52
132914,133114,-45.43
133114,133316,-46.4
133316,133518,-46.57
133518,133734,-46.54
133734,133950,-47.14
133950,134182,-47.47
134182,134414,-47.83
134414,134661,-48.59
134661,134908,-48.79
134908,135187,-48.95
135187,135466,-50.21
135466,135753,-50.14
135753,136039,-49.97
136039,136344,-50.13
136344,136648,-50.46
136648,136950,-50.6
136950,137252,-50.35
137252,137550,-51.19
137550,137848,-51.66
137848,138149,-51.58
138149,138451,-51.44
138451,138765,-51.9
138765,139080,-51.88
139080,139392,-51.36
139392,139705,-51.55
139705,140017,-51.58
140017,140328,-51.16
140328,140634,-51.05
140634,140940,-50.72
140940,141246,-50.61
141246,141551,-50.72
141551,141839,-50.57
141839,142127,-50.85
142127,142420,-50.65
142420,142714,-50.71
142714,142994,-50.99
142994,143274,-50.99
143274,143551,-51.28
143551,143828,-51.21
143828,144098,-50.89
144098,144369,-50.86
144369,144631,-50.78
144631,144894,-51.05
144894,145149,-50.92
145149,145405,-50.79
145405,145665,-50.98
145665,145925,-50.99
145925,146167,-50.78
146167,146409,-50.81
146409,146631,-50.82
146631,146853,-50.7
146853,147073,-50.57
147073,147293,-51.06
147293,147522,-51.39
147522,147751,-51.48
147751,147955,-51.37
147955,148159,-51.27
148159,148357,-50.6
148357,148555,-50.87
148555,148759,-50.42
148759,148963,-50.7
148963,149166,-50.74
149166,149370,-50.5
149370,149559,-50.47
149559,149749,-50.77
149749,149926,-50.85
149926,150104,-50.57
