AGE (yrs),dD,est. d18O
0,-438,-55.7961783439
17,-438,-55.7961783439
35,-438,-55.7961783439
53,-438,-55.7961783439
72,-438,-55.7961783439
91,-438,-55.7961783439
110,-438,-55.7961783439
129,-438,-55.7961783439
149,-442.9,-56.4203821656
170,-437.9,-55.7834394904
190,-435.8,-55.5159235669
211,-443.7,-56.5222929936
234,-449.1,-57.2101910828
258,-444.6,-56.6369426752
281,-442.5,-56.3694267516
304,-439.3,-55.9617834395
327,-440.9,-56.1656050955
351,-442.5,-56.3694267516
375,-436.6,-55.6178343949
397,-430,-54.7770700637
420,-435.9,-55.5286624204
444,-436.9,-55.6560509554
469,-438.5,-55.8598726115
495,-444.5,-56.6242038217
523,-446.4,-56.8662420382
552,-447.7,-57.0318471338
581,-443.4,-56.4840764331
609,-441.6,-56.2547770701
637,-438.1,-55.8089171975
665,-439.1,-55.9363057325
695,-445.4,-56.7388535032
726,-447.3,-56.9808917197
757,-443.1,-56.4458598726
788,-438.6,-55.872611465
817,-439,-55.923566879
848,-442.7,-56.3949044586
881,-442.7,-56.3949044586
912,-439,-55.923566879
944,-439.5,-55.9872611465
976,-439.7,-56.0127388535
1009,-442.9,-56.4203821656
1042,-438.3,-55.8343949045
1074,-436.4,-55.5923566879
1107,-443,-56.4331210191
1142,-441.9,-56.2929936306
1176,-439.6,-56
1211,-441.9,-56.2929936306
1247,-446.9,-56.9299363057
1285,-447.9,-57.0573248408
1321,-440.4,-56.101910828
1356,-436,-55.5414012739
1390,-438.3,-55.8343949045
1426,-438.8,-55.898089172
1461,-438.2,-55.821656051
1497,-440.8,-56.152866242
1535,-444,-56.5605095541
1573,-443.8,-56.5350318471
1612,-446,-56.8152866242
1652,-447.1,-56.9554140127
1692,-443.3,-56.4713375796
1732,-444.4,-56.6114649682
1772,-445.3,-56.7261146497
1812,-445.5,-56.7515923567
1853,-443.8,-56.5350318471
1893,-441.2,-56.2038216561
1931,-437.1,-55.6815286624
1970,-439.7,-56.0127388535
2009,-440.7,-56.1401273885
2049,-440.3,-56.0891719745
2089,-441.2,-56.2038216561
2129,-441.7,-56.2675159236
2171,-443.7,-56.5222929936
2212,-442.4,-56.3566878981
2253,-437.3,-55.7070063694
2291,-431,-54.9044585987
2331,-443.9,-56.5477707006
2374,-446.7,-56.9044585987
2418,-442.4,-56.3566878981
2460,-441.8,-56.2802547771
2501,-436.2,-55.5668789809
2542,-439.6,-56
2585,-446.2,-56.8407643312
2628,-439,-55.923566879
2670,-438.1,-55.8089171975
2713,-445.2,-56.7133757962
2760,-449.9,-57.3121019108
2805,-441.7,-56.2675159236
2847,-434.5,-55.3503184713
2889,-440.3,-56.0891719745
2934,-446.1,-56.8280254777
2980,-446.5,-56.8789808917
3026,-442.4,-56.3566878981
3070,-439.5,-55.9872611465
3114,-441.2,-56.2038216561
3158,-438.5,-55.8598726115
3201,-437.1,-55.6815286624
3245,-440.6,-56.127388535
3289,-441.7,-56.2675159236
3334,-439.8,-56.025477707
3379,-438.8,-55.898089172
3422,-436.7,-55.6305732484
3466,-437,-55.6687898089
3511,-443.5,-56.4968152866
3558,-443.4,-56.4840764331
3603,-436.2,-55.5668789809
3646,-434.1,-55.2993630573
3689,-434.5,-55.3503184713
3732,-437.8,-55.7707006369
3778,-441.8,-56.2802547771
3824,-440.8,-56.152866242
3870,-438,-55.7961783439
3915,-439.4,-55.974522293
3962,-442,-56.3057324841
4009,-442.4,-56.3566878981
4057,-442.5,-56.3694267516
4104,-443.5,-56.4968152866
4153,-444.6,-56.6369426752
4202,-444,-56.5605095541
4250,-441.2,-56.2038216561
4295,-434.7,-55.3757961783
4339,-431.2,-54.9299363057
4381,-431.2,-54.9299363057
4423,-431.2,-54.9299363057
4466,-431.2,-54.9299363057
4509,-431.2,-54.9299363057
4552,-432.7,-55.1210191083
4596,-436.8,-55.6433121019
4642,-440,-56.050955414
4690,-443.3,-56.4713375796
4739,-441.5,-56.2420382166
4786,-436.5,-55.6050955414
4831,-438,-55.7961783439
4880,-444.9,-56.6751592357
4929,-442,-56.3057324841
4977,-440.2,-56.076433121
5025,-442,-56.3057324841
5072,-437.2,-55.6942675159
5118,-436.9,-55.6560509554
5165,-440.3,-56.0891719745
5212,-439.3,-55.9617834395
5259,-436.3,-55.5796178344
5305,-437.4,-55.7197452229
5351,-437.5,-55.7324840764
5397,-435,-55.4140127389
5442,-435,-55.4140127389
5488,-436.8,-55.6433121019
5534,-437.9,-55.7834394904
5581,-437.5,-55.7324840764
5627,-437.8,-55.7707006369
5674,-438.37,-55.8433121019
5721,-438.93,-55.9146496815
5769,-439.5,-55.9872611465
5816,-439.3,-55.9617834395
5863,-437.1,-55.6815286624
5909,-435.3,-55.4522292994
5955,-438.8,-55.898089172
6004,-442.4,-56.3566878981
6052,-439.25,-55.9554140127
6099,-436.1,-55.5541401274
6145,-439,-55.923566879
6193,-440.2,-56.076433121
6241,-437.6,-55.7452229299
6287,-436.4,-55.5923566879
6334,-441.3,-56.2165605096
6385,-447.5,-57.0063694268
6436,-444.4,-56.6114649682
6486,-439.6,-56
6534,-441.4,-56.2292993631
6583,-441.5,-56.2420382166
6631,-435.3,-55.4522292994
6677,-435.2,-55.4394904459
6724,-439.5,-55.9872611465
6773,-442.3,-56.3439490446
6823,-444.9,-56.6751592357
6874,-444,-56.5605095541
6924,-440.5,-56.1146496815
6973,-440.5,-56.1146496815
7023,-443.2,-56.4585987261
7074,-444,-56.5605095541
7124,-440.5,-56.1146496815
7172,-436.5,-55.6050955414
7220,-436.8,-55.6433121019
7267,-437.1,-55.6815286624
7315,-438.1,-55.8089171975
7364,-441.2,-56.2038216561
7413,-439.7,-56.0127388535
7462,-436,-55.5414012739
7509,-436.2,-55.5668789809
7555,-433.1,-55.1719745223
7602,-436,-55.5414012739
7649,-435.7,-55.5031847134
7697,-436,-55.5414012739
7745,-440,-56.050955414
7794,-439,-55.923566879
7844,-440.9,-56.1656050955
7894,-441,-56.178343949
7944,-439.5,-55.9872611465
7994,-438.5,-55.8598726115
8043,-439,-55.923566879
8091,-433.3,-55.1974522293
8135,-422.6,-53.8343949045
8178,-431.35,-54.949044586
8226,-440.1,-56.0636942675
8276,-439.5,-55.9872611465
8325,-438,-55.7961783439
8374,-435.9,-55.5286624204
8422,-436.1,-55.5541401274
8471,-437.6,-55.7452229299
8520,-438.3,-55.8343949045
8569,-438.4,-55.847133758
8619,-438.6,-55.872611465
8668,-437.5,-55.7324840764
8716,-432,-55.0318471338
8763,-433.2,-55.1847133758
8811,-438.8,-55.898089172
8861,-437,-55.6687898089
8910,-437,-55.6687898089
8960,-439,-55.923566879
9009,-436.5,-55.6050955414
9058,-436,-55.5414012739
9107,-437.1,-55.6815286624
9156,-436.5,-55.6050955414
9204,-434.1,-55.2993630573
9252,-431.7,-54.9936305732
9298,-433,-55.1592356688
9346,-435.5,-55.4777070064
9396,-438,-55.7961783439
9445,-437.2,-55.6942675159
9494,-433.9,-55.2738853503
9542,-433.8,-55.2611464968
9589,-430.2,-54.8025477707
9635,-429.6,-54.7261146497
9682,-435.4,-55.4649681529
9732,-437.4,-55.7197452229
9782,-437.6,-55.7452229299
9831,-436.9,-55.6560509554
9881,-434.5,-55.3503184713
9929,-434.5,-55.3503184713
9978,-436.1,-55.5541401274
10027,-433.8,-55.2611464968
10075,-434.9,-55.4012738854
10124,-435.5,-55.4777070064
10172,-430,-54.7770700637
10218,-428.7,-54.6114649682
10265,-432.8,-55.1337579618
10315,-439.5,-55.9872611465
10366,-437.4,-55.7197452229
10415,-434.1,-55.2993630573
10465,-436,-55.5414012739
10515,-436,-55.5414012739
10564,-436,-55.5414012739
10614,-436.6,-55.6178343949
10665,-436.9,-55.6560509554
10715,-435.2,-55.4394904459
10764,-432.5,-55.0955414013
10812,-433.5,-55.2229299363
10861,-434.5,-55.3503184713
10910,-431.6,-54.9808917197
10957,-431.3,-54.9426751592
11005,-431.9,-55.0191082803
11053,-430.3,-54.8152866242
11100,-429.8,-54.7515923567
11146,-425.8,-54.2420382166
11191,-425.3,-54.178343949
11237,-431.2,-54.9299363057
11286,-433,-55.1592356688
11334,-431.7,-54.9936305732
11383,-434.5,-55.3503184713
11434,-437.4,-55.7197452229
11485,-437.8,-55.7707006369
11537,-439.5,-55.9872611465
11590,-439.6,-56
11642,-439.7,-56.0127388535
11695,-441,-56.178343949
11749,-443.2,-56.4585987261
11805,-444.2,-56.5859872611
11861,-447.1,-56.9554140127
11918,-445.3,-56.7261146497
11973,-443.1,-56.4458598726
12029,-447,-56.9426751592
12087,-448.5,-57.1337579618
12144,-446.5,-56.8789808917
12202,-447.3,-56.9808917197
12261,-453.2,-57.7324840764
12323,-455,-57.9617834395
12385,-453.6,-57.7834394904
12446,-451.5,-57.5159235669
12507,-452.4,-57.6305732484
12569,-455.3,-58
12632,-455.3,-58
12694,-453.27,-57.7414012739
12755,-451.23,-57.4815286624
12815,-449.2,-57.2229299363
12874,-450.2,-57.3503184713
12934,-450.8,-57.4267515924
12994,-451.8,-57.5541401274
13055,-452.9,-57.6942675159
13116,-452.3,-57.6178343949
13177,-452.1,-57.5923566879
13237,-450.5,-57.3885350318
13296,-448.8,-57.1719745223
13355,-448.8,-57.1719745223
13414,-451.8,-57.5541401274
13476,-455.5,-58.025477707
13539,-453.9,-57.821656051
13600,-451.2,-57.4777070064
13659,-449.4,-57.2484076433
13718,-447.2,-56.9681528662
13774,-442.9,-56.4203821656
13828,-442,-56.3057324841
13883,-443.2,-56.4585987261
13938,-442.1,-56.3184713376
13992,-443.65,-56.5159235669
14048,-445.2,-56.7133757962
14105,-446.75,-56.9108280255
14163,-448.3,-57.1082802548
14221,-449.85,-57.3057324841
14281,-451.4,-57.5031847134
14342,-452.95,-57.7006369427
14404,-454.5,-57.898089172
14466,-451.7,-57.5414012739
14526,-452.8,-57.6815286624
14589,-456,-58.0891719745
14651,-453.8,-57.8089171975
14713,-453.5,-57.7707006369
14775,-454.8,-57.9363057325
14839,-457.1,-58.2292993631
14904,-458.1,-58.3566878981
14968,-456.7,-58.178343949
15032,-458,-58.3439490446
15099,-462,-58.8535031847
15167,-462.5,-58.9171974522
15234,-460.1,-58.6114649682
15300,-459,-58.4713375796
15366,-458.6,-58.4203821656
15432,-461.1,-58.7388535032
15501,-464.5,-59.1719745223
15570,-463.8,-59.0828025478
15639,-462.9,-58.9681528662
15708,-463.7,-59.0700636943
15777,-462,-58.8535031847
15845,-462.4,-58.9044585987
15915,-467.5,-59.5541401274
15987,-466.3,-59.4012738854
16057,-464.9,-59.2229299363
16128,-466.9,-59.4777070064
16201,-468.5,-59.6815286624
16275,-470.9,-59.9872611465
16350,-471.8,-60.101910828
16426,-471.8,-60.101910828
16502,-471,-60
16577,-471.2,-60.025477707
16653,-472.4,-60.178343949
16729,-473.6,-60.3312101911
16808,-475.6,-60.5859872611
16889,-480.7,-61.2356687898
16974,-481.8,-61.3757961783
17058,-479,-61.0191082803
17139,-476.4,-60.6878980892
17219,-476,-60.6369426752
17298,-475.5,-60.5732484076
17379,-479.4,-61.0700636943
17462,-480.5,-61.2101910828
17544,-477,-60.7643312102
17625,-477.6,-60.8407643312
17706,-478,-60.8917197452
17787,-477.9,-60.8789808917
17868,-477.3,-60.8025477707
17949,-477.5,-60.8280254777
18031,-480.15,-61.1656050955
18116,-482.8,-61.5031847134
18201,-480,-61.1464968153
18283,-478.4,-60.9426751592
18365,-477.5,-60.8280254777
18446,-478.9,-61.0063694268
18530,-482.1,-61.4140127389
18615,-481.7,-61.3630573248
18701,-483.5,-61.5923566879
18787,-481.9,-61.3885350318
18870,-476.6,-60.7133757962
18950,-476.9,-60.7515923567
19032,-479.8,-61.1210191083
19116,-480.7,-61.2356687898
19199,-479.35,-61.0636942675
19282,-478,-60.8917197452
19362,-476.4,-60.6878980892
19443,-477.4,-60.8152866242
19525,-480.1,-61.1592356688
19610,-481.9,-61.3885350318
19696,-483.5,-61.5923566879
19782,-482.4,-61.4522292994
19868,-482.9,-61.5159235669
19953,-479.2,-61.0445859873
20035,-477,-60.7643312102
20116,-478.3,-60.9299363057
20197,-476.4,-60.6878980892
20278,-478.2,-60.9171974522
20361,-480,-61.1464968153
20444,-479.8,-61.1210191083
20528,-479.5,-61.0828025478
20611,-479.6,-61.0955414013
20694,-479.1,-61.0318471338
20777,-478.6,-60.9681528662
20859,-479,-61.0191082803
20943,-480.1,-61.1592356688
21026,-480,-61.1464968153
21110,-479,-61.0191082803
21192,-478.9,-61.0063694268
21275,-478.9,-61.0063694268
21358,-479.45,-61.076433121
21442,-480,-61.1464968153
21525,-477.8,-60.8662420382
21605,-475.6,-60.5859872611
21686,-477.4,-60.8152866242
21769,-480.9,-61.2611464968
21854,-481.5,-61.3375796178
21939,-480.2,-61.1719745223
22023,-480.4,-61.1974522293
22108,-482,-61.4012738854
22196,-484.5,-61.7197452229
22284,-484.5,-61.7197452229
22371,-482.3,-61.4394904459
22457,-481.4,-61.3248407643
22543,-481.85,-61.3821656051
22629,-482.3,-61.4394904459
22716,-482.75,-61.4968152866
22803,-483.2,-61.5541401274
22888,-479.5,-61.0828025478
22972,-479.2,-61.0445859873
23057,-482.7,-61.4904458599
23145,-484.5,-61.7197452229
23234,-485.1,-61.7961783439
23324,-485.8,-61.8853503185
23412,-483,-61.5286624204
23497,-478.3,-60.9299363057
23581,-480.95,-61.2675159236
23668,-483.6,-61.6050955414
23755,-483.6,-61.6050955414
23843,-483.6,-61.6050955414
23931,-482.5,-61.4649681529
24017,-481.4,-61.3248407643
24102,-480,-61.1464968153
24186,-479.1,-61.0318471338
24272,-484,-61.6560509554
24363,-488.3,-62.2038216561
24453,-482.7,-61.4904458599
24537,-477.1,-60.7770700637
24619,-477,-60.7643312102
24700,-477,-60.7643312102
24781,-475.5,-60.5732484076
24860,-474,-60.3821656051
24941,-477.45,-60.821656051
25024,-480.9,-61.2611464968
25109,-480,-61.1464968153
25193,-479.1,-61.0318471338
25277,-478.2,-60.9171974522
25360,-479.5,-61.0828025478
25445,-481.8,-61.3757961783
25531,-481,-61.2738853503
25615,-478.4,-60.9426751592
25697,-474.5,-60.4458598726
25776,-474.1,-60.3949044586
25855,-475.8,-60.6114649682
25936,-476,-60.6369426752
26017,-477.1,-60.7770700637
26099,-477.2,-60.7898089172
26180,-475.3,-60.5477707006
26261,-475.8,-60.6114649682
26342,-477.7,-60.8535031847
26425,-479.3,-61.0573248408
26510,-480.7,-61.2356687898
26595,-481,-61.2738853503
26681,-481,-61.2738853503
26766,-478.9,-61.0063694268
26849,-477.8,-60.8662420382
26933,-479.9,-61.1337579618
27019,-484.4,-61.7070063694
27110,-486.7,-62
27202,-486.7,-62
27293,-485.5,-61.847133758
27382,-484.3,-61.6942675159
27470,-481.4,-61.3248407643
27555,-479.6,-61.0955414013
27641,-482.3,-61.4394904459
27730,-484.6,-61.7324840764
27819,-483.8,-61.6305732484
27907,-482.3,-61.4394904459
27993,-481.2,-61.2993630573
28079,-480.1,-61.1592356688
28163,-478.85,-61
28247,-477.6,-60.8407643312
28331,-481.7,-61.3630573248
28420,-485.7,-61.872611465
28510,-483.58,-61.6025477707
28597,-481.47,-61.3337579618
28683,-479.35,-61.0636942675
28766,-477.23,-60.7936305732
28848,-475.12,-60.5248407643
28927,-473,-60.2547770701
29006,-473,-60.2547770701
29085,-474.62,-60.4611464968
29166,-476.24,-60.6675159236
29249,-477.86,-60.8738853503
29332,-479.48,-61.0802547771
29418,-481.1,-61.2866242038
29505,-482.9,-61.5159235669
29594,-483,-61.5286624204
29682,-482.8,-61.5031847134
29771,-484.3,-61.6942675159
29861,-483.4,-61.5796178344
29949,-482.6,-61.4777070064
30036,-480.5,-61.2101910828
30120,-475.6,-60.5859872611
30201,-474.9,-60.4968152866
30283,-478.5,-60.9554140127
30368,-479.8,-61.1210191083
30453,-479.3,-61.0573248408
30538,-478.63,-60.9719745223
30622,-477.95,-60.8853503185
30705,-477.27,-60.7987261146
30788,-476.6,-60.7133757962
30871,-478.6,-60.9681528662
30957,-480.5,-61.2101910828
31043,-480.8,-61.2484076433
31130,-481.1,-61.2866242038
31216,-479.9,-61.1337579618
31302,-478.7,-60.9808917197
31387,-479.4,-61.0700636943
31473,-481,-61.2738853503
31560,-482,-61.4012738854
31648,-480.4,-61.1974522293
31733,-477.2,-60.7898089172
31815,-475.6,-60.5859872611
31896,-473.4,-60.3057324841
31976,-473.2,-60.2802547771
32056,-473.5,-60.3184713376
32137,-475.3,-60.5477707006
32219,-476.4,-60.6878980892
32300,-472.4,-60.178343949
32380,-475.2,-60.5350318471
32463,-477.7,-60.8535031847
32546,-474.7,-60.4713375796
32626,-472.5,-60.1910828025
32705,-473,-60.2547770701
32787,-477.6,-60.8407643312
32871,-477.6,-60.8407643312
32955,-476.5,-60.7006369427
33039,-478.3,-60.9299363057
33124,-478.4,-60.9426751592
33209,-478.4,-60.9426751592
33293,-476.8,-60.7388535032
33376,-475.2,-60.5350318471
33459,-477.4,-60.8152866242
33544,-478,-60.8917197452
33628,-476.6,-60.7133757962
33711,-475.5,-60.5732484076
33793,-475.8,-60.6114649682
33877,-476.9,-60.7515923567
33960,-475.8,-60.6114649682
34041,-471.9,-60.1146496815
34121,-474,-60.3821656051
34202,-473.3,-60.2929936306
34281,-470.2,-59.898089172
34360,-472.3,-60.1656050955
34438,-469.2,-59.7707006369
34515,-468.8,-59.7197452229
34592,-469.6,-59.821656051
34669,-467.9,-59.6050955414
34744,-466.9,-59.4777070064
34818,-463.5,-59.0445859873
34889,-461.6,-58.8025477707
34960,-463,-58.9808917197
35033,-465.8,-59.3375796178
35108,-468.6,-59.6942675159
35185,-468.1,-59.6305732484
35261,-467.6,-59.5668789809
35336,-465,-59.2356687898
35409,-464.1,-59.1210191083
35482,-464.9,-59.2229299363
35556,-466,-59.3630573248
35631,-466.6,-59.4394904459
35705,-465.1,-59.2484076433
35780,-466.4,-59.4140127389
35855,-467,-59.4904458599
35930,-467.3,-59.5286624204
36007,-470,-59.872611465
36086,-471.1,-60.0127388535
36166,-472.9,-60.2420382166
36248,-474.9,-60.4968152866
36331,-476,-60.6369426752
36416,-478.9,-61.0063694268
36502,-476.5,-60.7006369427
36585,-472.7,-60.2165605096
36666,-474.5,-60.4458598726
36748,-472.6,-60.2038216561
36827,-468.8,-59.7197452229
36905,-470.6,-59.949044586
36985,-472.4,-60.178343949
37066,-473.25,-60.2866242038
37148,-474.1,-60.3949044586
37230,-474.1,-60.3949044586
37313,-474.5,-60.4458598726
37396,-475.9,-60.6242038217
37479,-473.5,-60.3184713376
37558,-468.5,-59.6815286624
37637,-471,-60
37718,-474,-60.3821656051
37799,-472.3,-60.1656050955
37880,-471.4,-60.050955414
37959,-470.5,-59.9363057325
38039,-471.3,-60.0382165605
38120,-472.7,-60.2165605096
38201,-473.5,-60.3184713376
38284,-474.5,-60.4458598726
38367,-475.3,-60.5477707006
38451,-475.8,-60.6114649682
38535,-475.8,-60.6114649682
38619,-474.4,-60.4331210191
38702,-473.1,-60.2675159236
38783,-472.85,-60.2356687898
38865,-472.6,-60.2038216561
38946,-472.35,-60.1719745223
39027,-472.1,-60.1401273885
39107,-470,-59.872611465
39185,-468.3,-59.6560509554
39263,-468.3,-59.6560509554
39341,-469.7,-59.8343949045
39420,-470.2,-59.898089172
39499,-470.2,-59.898089172
39579,-469.5,-59.8089171975
39657,-469.5,-59.8089171975
39735,-468.2,-59.6433121019
39812,-465.6,-59.3121019108
39889,-470.2,-59.898089172
39971,-474.5,-60.4458598726
40054,-474.2,-60.4076433121
40138,-476,-60.6369426752
40223,-475.2,-60.5350318471
40305,-470.6,-59.949044586
40386,-471.8,-60.101910828
40468,-474.2,-60.4076433121
40551,-473,-60.2547770701
40632,-472.1,-60.1401273885
40714,-472.8,-60.2292993631
40796,-471.5,-60.0636942675
40875,-467.2,-59.5159235669
40952,-467.2,-59.5159235669
41031,-471,-60
41112,-472.3,-60.1656050955
41191,-468.1,-59.6305732484
41268,-463.9,-59.0955414013
41342,-463.4,-59.0318471338
41415,-462.9,-58.9681528662
41489,-463.3,-59.0191082803
41564,-465.7,-59.3248407643
41638,-461.6,-58.8025477707
41710,-460,-58.5987261146
41782,-463.3,-59.0191082803
41855,-461.7,-58.8152866242
41927,-460.9,-58.7133757962
42001,-464.5,-59.1719745223
42077,-467,-59.4904458599
42152,-462.8,-58.9554140127
42225,-460.8,-58.7006369427
42298,-464.7,-59.1974522293
42374,-467.1,-59.5031847134
42451,-465.3,-59.2738853503
42527,-465.9,-59.3503184713
42603,-465.5,-59.2993630573
42679,-467.1,-59.5031847134
42758,-469.8,-59.847133758
42837,-468.7,-59.7070063694
42916,-468.3,-59.6560509554
42994,-468.6,-59.6942675159
43073,-467.8,-59.5923566879
43150,-466.2,-59.3885350318
43226,-466,-59.3630573248
43304,-469.3,-59.7834394904
43385,-471.8,-60.101910828
43464,-465.6,-59.3121019108
43540,-465.9,-59.3503184713
43619,-473.2,-60.2802547771
43702,-472.7,-60.2165605096
43785,-472,-60.127388535
43868,-474.8,-60.4840764331
43952,-474.4,-60.4331210191
44036,-473.5,-60.3184713376
44120,-475.1,-60.5222929936
44206,-476.8,-60.7388535032
44292,-474.8,-60.4840764331
44377,-475,-60.5095541401
44463,-478.3,-60.9299363057
44551,-476,-60.6369426752
44634,-470.1,-59.8853503185
44715,-472.5,-60.1910828025
44800,-477.9,-60.8789808917
44887,-475.5,-60.5732484076
44972,-473.3,-60.2929936306
45055,-473.6,-60.3312101911
45139,-473.4,-60.3057324841
45225,-477.7,-60.8535031847
45315,-482.3,-61.4394904459
45407,-480.8,-61.2484076433
45497,-479.2,-61.0445859873
45587,-481,-61.2738853503
45677,-477.6,-60.8407643312
45762,-472.6,-60.2038216561
45846,-474.9,-60.4968152866
45932,-475.4,-60.5605095541
46018,-475.5,-60.5732484076
46104,-477.7,-60.8535031847
46193,-477.7,-60.8535031847
46281,-478.2,-60.9171974522
46370,-478.5,-60.9554140127
46457,-476.3,-60.6751592357
46543,-474.1,-60.3949044586
46628,-474.8,-60.4840764331
46713,-474.9,-60.4968152866
46797,-472.3,-60.1656050955
46881,-473.7,-60.3439490446
46966,-475,-60.5095541401
47050,-473.5,-60.3184713376
47133,-471.2,-60.025477707
47214,-469,-59.7452229299
47295,-470.5,-59.9363057325
47378,-473.9,-60.3694267516
47462,-472.8,-60.2292993631
47546,-474.2,-60.4076433121
47631,-475.5,-60.5732484076
47716,-471.7,-60.0891719745
47798,-471.2,-60.025477707
47881,-474,-60.3821656051
47966,-474.7,-60.4713375796
48050,-472.3,-60.1656050955
48134,-473.5,-60.3184713376
48218,-472.5,-60.1910828025
48300,-469.7,-59.8343949045
48381,-469.9,-59.8598726115
48461,-468.4,-59.6687898089
48541,-468.6,-59.6942675159
48622,-471.2,-60.025477707
48704,-471.8,-60.101910828
48787,-472.5,-60.1910828025
48870,-472,-60.127388535
48953,-471.1,-60.0127388535
49034,-468.2,-59.6433121019
49113,-468.3,-59.6560509554
49193,-469,-59.7452229299
49272,-466.7,-59.4522292994
49350,-466.7,-59.4522292994
49430,-469,-59.7452229299
49510,-469.5,-59.8089171975
49591,-470.1,-59.8853503185
49672,-468.3,-59.6560509554
49750,-465.4,-59.2866242038
49828,-467.1,-59.5031847134
49907,-467.2,-59.5159235669
49985,-464.7,-59.1974522293
50061,-463.8,-59.0828025478
50138,-466.3,-59.4012738854
50217,-467.8,-59.5923566879
50295,-465.8,-59.3375796178
50374,-466.8,-59.4649681529
50452,-466.8,-59.4649681529
50531,-467.5,-59.5541401274
50610,-467,-59.4904458599
50688,-464.7,-59.1974522293
50766,-467.9,-59.6050955414
50847,-470,-59.872611465
50928,-468.9,-59.7324840764
51009,-468,-59.6178343949
51086,-463,-58.9808917197
51159,-456.1,-58.101910828
51230,-459.5,-58.5350318471
51306,-465.8,-59.3375796178
51384,-467.1,-59.5031847134
51465,-470.8,-59.974522293
51549,-473.1,-60.2675159236
51633,-472.1,-60.1401273885
51715,-466.3,-59.4012738854
51794,-467,-59.4904458599
51874,-469.6,-59.821656051
51955,-466.8,-59.4649681529
52034,-466.8,-59.4649681529
52114,-468.3,-59.6560509554
52195,-468.5,-59.6815286624
52275,-466.7,-59.4522292994
52352,-463.6,-59.0573248408
52430,-467,-59.4904458599
52511,-470.2,-59.898089172
52594,-470.8,-59.974522293
52679,-473.7,-60.3439490446
52763,-470.3,-59.9108280255
52846,-470,-59.872611465
52931,-475,-60.5095541401
53019,-476.5,-60.7006369427
53107,-475.8,-60.6114649682
53193,-471.5,-60.0636942675
53275,-467.2,-59.5159235669
53355,-466.6,-59.4394904459
53436,-469.6,-59.821656051
53520,-473.2,-60.2802547771
53606,-473.2,-60.2802547771
53692,-472.6,-60.2038216561
53775,-469.5,-59.8089171975
53858,-470.6,-59.949044586
53942,-472.2,-60.152866242
54026,-470.1,-59.8853503185
54111,-472.85,-60.2356687898
54198,-475.6,-60.5859872611
54286,-475,-60.5095541401
54372,-471.6,-60.076433121
54457,-472.4,-60.178343949
54544,-474,-60.3821656051
54629,-470.2,-59.898089172
54713,-471.3,-60.0382165605
54797,-470.9,-59.9872611465
54881,-471.3,-60.0382165605
54967,-473.4,-60.3057324841
55052,-471,-60
55136,-470.1,-59.8853503185
55218,-466.6,-59.4394904459
55297,-465.1,-59.2484076433
55377,-467,-59.4904458599
55457,-465.6,-59.3121019108
55536,-464.3,-59.1464968153
55615,-465.6,-59.3121019108
55694,-466.3,-59.4012738854
55775,-467.9,-59.6050955414
55855,-464.4,-59.1592356688
55933,-461.8,-58.8280254777
56009,-463.5,-59.0445859873
56087,-462.7,-58.9426751592
56163,-461.2,-58.7515923567
56239,-462.5,-58.9171974522
56317,-463.6,-59.0573248408
56394,-461.5,-58.7898089172
56471,-463.5,-59.0445859873
56548,-463.5,-59.0445859873
56624,-459,-58.4713375796
56698,-459.4,-58.5222929936
56774,-462.2,-58.8789808917
56850,-459.7,-58.5605095541
56922,-455.1,-57.974522293
56993,-454.9,-57.949044586
57065,-457.9,-58.3312101911
57139,-460.1,-58.6114649682
57215,-461.2,-58.7515923567
57289,-456.9,-58.2038216561
57362,-457.1,-58.2292993631
57436,-461.9,-58.8407643312
57513,-461.9,-58.8407643312
57590,-462,-58.8535031847
57669,-467.5,-59.5541401274
57750,-465.9,-59.3503184713
57828,-460.7,-58.6878980892
57905,-462.7,-58.9426751592
57981,-460.7,-58.6878980892
58057,-460.5,-58.6624203822
58133,-462.2,-58.8789808917
58211,-462.6,-58.9299363057
58286,-458.4,-58.3949044586
58360,-458.1,-58.3566878981
58436,-462.4,-58.9044585987
58514,-464.1,-59.1210191083
58594,-466.8,-59.4649681529
58676,-468,-59.6178343949
58759,-469.2,-59.7707006369
58842,-468.4,-59.6687898089
58925,-467.9,-59.6050955414
59008,-469.1,-59.7579617834
59093,-471.3,-60.0382165605
59178,-470.7,-59.9617834395
59262,-468,-59.6178343949
59345,-467.9,-59.6050955414
59428,-469,-59.7452229299
59511,-468,-59.6178343949
59593,-466,-59.3630573248
59674,-466,-59.3630573248
59755,-466,-59.3630573248
59836,-467.7,-59.5796178344
59921,-471.8,-60.101910828
60007,-472,-60.127388535
60093,-469.7,-59.8343949045
60177,-469.5,-59.8089171975
60262,-470,-59.872611465
60348,-471.5,-60.0636942675
60433,-470.6,-59.949044586
60519,-470.5,-59.9363057325
60605,-472,-60.127388535
60692,-472.3,-60.1656050955
60779,-472.5,-60.1910828025
60869,-476.7,-60.7261146497
60961,-477.7,-60.8535031847
61052,-474.7,-60.4713375796
61141,-473.7,-60.3439490446
61229,-472,-60.127388535
61317,-474.1,-60.3949044586
61406,-474,-60.3821656051
61496,-474.8,-60.4840764331
61586,-476.4,-60.6878980892
61677,-474,-60.3821656051
61765,-471.8,-60.101910828
61852,-472.4,-60.178343949
61941,-474.8,-60.4840764331
62031,-475.4,-60.5605095541
62121,-475.1,-60.5222929936
62213,-477.5,-60.8280254777
62307,-479.2,-61.0445859873
62401,-478.7,-60.9808917197
62497,-481.4,-61.3248407643
62594,-481,-61.2738853503
62689,-478.9,-61.0063694268
62783,-478.1,-60.9044585987
62877,-477.9,-60.8789808917
62970,-477.9,-60.8789808917
63064,-477.9,-60.8789808917
63157,-477.9,-60.8789808917
63249,-475.5,-60.5732484076
63338,-471.4,-60.050955414
63424,-470.4,-59.923566879
63512,-473.9,-60.3694267516
63600,-472.8,-60.2292993631
63688,-471.3,-60.0382165605
63776,-473.8,-60.3566878981
63865,-473.8,-60.3566878981
63954,-473.6,-60.3312101911
64043,-474.5,-60.4458598726
64134,-476.5,-60.7006369427
64228,-479.1,-61.0318471338
64322,-478.2,-60.9171974522
64416,-477.3,-60.8025477707
64510,-480.4,-61.1974522293
64605,-477.5,-60.8280254777
64698,-477.9,-60.8789808917
64793,-480.8,-61.2484076433
64890,-480.5,-61.2101910828
64987,-482,-61.4012738854
65085,-480.9,-61.2611464968
65182,-480.7,-61.2356687898
65278,-479.6,-61.0955414013
65371,-476.5,-60.7006369427
65464,-478,-60.8917197452
65559,-479.3,-61.0573248408
65655,-482,-61.4012738854
65756,-486.2,-61.9363057325
65855,-479.6,-61.0955414013
65949,-477.5,-60.8280254777
66045,-482.4,-61.4522292994
66144,-483,-61.5286624204
66243,-481.5,-61.3375796178
66338,-477.1,-60.7770700637
66429,-474.4,-60.4331210191
66520,-475.6,-60.5859872611
66613,-479.6,-61.0955414013
66708,-479.8,-61.1210191083
66803,-478.5,-60.9554140127
66898,-479.7,-61.1082802548
66992,-478,-60.8917197452
67085,-476.7,-60.7261146497
67178,-478.2,-60.9171974522
67272,-479.2,-61.0445859873
67367,-478.6,-60.9681528662
67462,-480.3,-61.1847133758
67557,-479.8,-61.1210191083
67653,-480.7,-61.2356687898
67750,-482.5,-61.4649681529
67848,-481.9,-61.3885350318
67945,-481,-61.2738853503
68041,-479,-61.0191082803
68136,-480.5,-61.2101910828
68233,-483.4,-61.5796178344
68330,-479.7,-61.1082802548
68424,-478.5,-60.9554140127
68520,-481.9,-61.3885350318
68617,-481.5,-61.3375796178
68715,-483.1,-61.5414012739
68811,-479.5,-61.0828025478
68902,-472.1,-60.1401273885
68987,-468.8,-59.7197452229
69071,-470.7,-59.9617834395
69155,-467.7,-59.5796178344
69238,-468.5,-59.6815286624
69324,-474.2,-60.4076433121
69413,-475.6,-60.5859872611
69506,-479.4,-61.0700636943
69599,-478.1,-60.9044585987
69691,-476,-60.6369426752
69780,-473.5,-60.3184713376
69869,-474.7,-60.4713375796
69959,-478.1,-60.9044585987
70054,-481.3,-61.3121019108
70149,-480.6,-61.2229299363
70243,-476.6,-60.7133757962
70334,-476.8,-60.7388535032
70425,-477.9,-60.8789808917
70515,-473.5,-60.3184713376
70600,-468.4,-59.6687898089
70683,-468.4,-59.6687898089
70766,-468.4,-59.6687898089
70848,-468.4,-59.6687898089
70931,-468.4,-59.6687898089
71013,-468.7,-59.7070063694
71096,-469,-59.7452229299
71180,-470.1,-59.8853503185
71264,-470.5,-59.9363057325
71347,-467.2,-59.5159235669
71427,-465.5,-59.2993630573
71506,-462.2,-58.8789808917
71584,-466.4,-59.4140127389
71664,-465.8,-59.3375796178
71743,-463.5,-59.0445859873
71822,-466.8,-59.4649681529
71905,-471.5,-60.0636942675
71989,-468,-59.6178343949
72070,-467,-59.4904458599
72152,-468.9,-59.7324840764
72235,-469.6,-59.821656051
72318,-469.7,-59.8343949045
72403,-472.5,-60.1910828025
72489,-474,-60.3821656051
72578,-476.2,-60.6624203822
72666,-473.2,-60.2802547771
72753,-474.7,-60.4713375796
72840,-470.7,-59.9617834395
72922,-466.6,-59.4394904459
73003,-469.5,-59.8089171975
73087,-470.9,-59.9872611465
73172,-472.8,-60.2292993631
73258,-473.6,-60.3312101911
73347,-477.6,-60.8407643312
73440,-481.9,-61.3885350318
73533,-476.8,-60.7388535032
73620,-471.6,-60.076433121
73706,-474.7,-60.4713375796
73795,-477.8,-60.8662420382
73885,-476.2,-60.6624203822
73973,-473.8,-60.3566878981
74060,-474.5,-60.4458598726
74150,-478.2,-60.9171974522
74238,-473,-60.2547770701
74322,-470.6,-59.949044586
74405,-468.9,-59.7324840764
74484,-463.6,-59.0573248408
74565,-471.4,-60.050955414
74651,-476.8,-60.7388535032
74738,-470.5,-59.9363057325
74821,-470.4,-59.923566879
74903,-469.4,-59.7961783439
74985,-469,-59.7452229299
75066,-467.8,-59.5923566879
75147,-469.7,-59.8343949045
75229,-467.9,-59.6050955414
75308,-466.1,-59.3757961783
75388,-467.3,-59.5286624204
75468,-467.9,-59.6050955414
75547,-466.2,-59.3885350318
75625,-463.4,-59.0318471338
75701,-462.6,-58.9299363057
75776,-461.8,-58.8280254777
75850,-461.6,-58.8025477707
75928,-468,-59.6178343949
76007,-465.5,-59.2993630573
76084,-464.5,-59.1719745223
76162,-466.9,-59.4777070064
76239,-461.7,-58.8152866242
76313,-459.8,-58.5732484076
76388,-464.3,-59.1464968153
76465,-466,-59.3630573248
76543,-466.5,-59.4267515924
76622,-466.9,-59.4777070064
76700,-465.1,-59.2484076433
76777,-463.6,-59.0573248408
76854,-466.1,-59.3757961783
76933,-468.6,-59.6942675159
77014,-468.4,-59.6687898089
77094,-468.1,-59.6305732484
77175,-471,-60
77259,-473.6,-60.3312101911
77345,-475.9,-60.6242038217
77433,-478.5,-60.9554140127
77521,-475.2,-60.5350318471
77606,-470.5,-59.9363057325
77687,-470.2,-59.898089172
77769,-470.5,-59.9363057325
77853,-474.4,-60.4331210191
77938,-474.8,-60.4840764331
78025,-475.4,-60.5605095541
78113,-479.4,-61.0700636943
78200,-472,-60.127388535
78277,-458.5,-58.4076433121
78353,-469.9,-59.8598726115
78437,-476.4,-60.6878980892
78522,-472.4,-60.178343949
78606,-473.6,-60.3312101911
78690,-472,-60.127388535
78772,-470.3,-59.9108280255
78854,-470.9,-59.9872611465
78937,-473.1,-60.2675159236
79020,-471.1,-60.0127388535
79098,-464.4,-59.1592356688
79174,-464.4,-59.1592356688
79251,-465.6,-59.3121019108
79327,-464.2,-59.1337579618
79402,-461.6,-58.8025477707
79478,-468.2,-59.6433121019
79557,-468.6,-59.6942675159
79636,-467,-59.4904458599
79714,-465.2,-59.2611464968
79791,-467.3,-59.5286624204
79870,-468.1,-59.6305732484
79947,-465.3,-59.2738853503
80020,-457.5,-58.2802547771
80093,-464.8,-59.2101910828
80173,-473.9,-60.3694267516
80257,-472.3,-60.1656050955
80341,-474,-60.3821656051
80422,-468.1,-59.6305732484
80498,-462.3,-58.8917197452
80572,-461.1,-58.7388535032
80645,-462,-58.8535031847
80719,-464.1,-59.1210191083
80794,-464.1,-59.1210191083
80869,-462.6,-58.9299363057
80943,-463.6,-59.0573248408
81019,-465.2,-59.2611464968
81096,-466.8,-59.4649681529
81170,-459.8,-58.5732484076
81240,-455.3,-58
81309,-458.8,-58.4458598726
81381,-462.3,-58.8917197452
81453,-458.9,-58.4585987261
81523,-455.5,-58.025477707
81592,-458.3,-58.3821656051
81662,-458.3,-58.3821656051
81732,-458.4,-58.3949044586
81802,-458,-58.3439490446
81872,-457.9,-58.3312101911
81942,-458.5,-58.4076433121
82012,-456.4,-58.1401273885
82080,-456.9,-58.2038216561
82148,-453.6,-57.7834394904
82213,-450.7,-57.4140127389
82280,-457.4,-58.2675159236
82352,-464.6,-59.1847133758
82427,-463,-58.9808917197
82500,-461.3,-58.7643312102
82573,-462.6,-58.9299363057
82647,-463.9,-59.0955414013
82721,-461,-58.7261146497
82792,-458,-58.3439490446
82860,-453.9,-57.821656051
82925,-449.8,-57.2993630573
82990,-453.1,-57.7197452229
83055,-450.7,-57.4140127389
83121,-456,-58.0891719745
83190,-458.7,-58.4331210191
83261,-458.8,-58.4458598726
83331,-458.8,-58.4458598726
83401,-457.3,-58.2547770701
83470,-456.8,-58.1910828025
83538,-454.7,-57.923566879
83608,-461.4,-58.7770700637
83679,-457.3,-58.2547770701
83747,-454.4,-57.8853503185
83814,-454.2,-57.8598726115
83881,-456.2,-58.1146496815
83952,-460.9,-58.7133757962
84025,-462.8,-58.9554140127
84097,-460.5,-58.6624203822
84168,-458.3,-58.3821656051
84238,-458.3,-58.3821656051
84308,-458.3,-58.3821656051
84378,-458.8,-58.4458598726
84448,-457.3,-58.2547770701
84515,-449.8,-57.2993630573
84576,-444.4,-56.6114649682
84638,-450.5,-57.3885350318
84703,-452.7,-57.6687898089
84770,-455.1,-57.974522293
84838,-455.4,-58.0127388535
84905,-454.2,-57.8598726115
84971,-451.9,-57.5668789809
85036,-450.2,-57.3503184713
85100,-449.2,-57.2229299363
85164,-451.8,-57.5541401274
85229,-453,-57.7070063694
85296,-453.6,-57.7834394904
85361,-450.3,-57.3630573248
85425,-450,-57.3248407643
85489,-448.9,-57.1847133758
85551,-448.1,-57.0828025478
85615,-450.3,-57.3630573248
85680,-452,-57.5796178344
85746,-455.2,-57.9872611465
85814,-454.5,-57.898089172
85881,-455.1,-57.974522293
85949,-455,-57.9617834395
86016,-454.2,-57.8598726115
86083,-454.2,-57.8598726115
86150,-454.2,-57.8598726115
86218,-455.7,-58.050955414
86286,-456.5,-58.152866242
86355,-455.8,-58.0636942675
86423,-456.6,-58.1656050955
86492,-457.4,-58.2675159236
86562,-460,-58.5987261146
86635,-463.2,-59.0063694268
86707,-457.9,-58.3312101911
86777,-460.1,-58.6114649682
86848,-458.8,-58.4458598726
86919,-458.7,-58.4331210191
86989,-459,-58.4713375796
87060,-460.4,-58.6496815287
87132,-460.9,-58.7133757962
87203,-460.3,-58.6369426752
87274,-457.1,-58.2292993631
87342,-454.7,-57.923566879
87410,-458.9,-58.4585987261
87482,-463,-58.9808917197
87554,-460.1,-58.6114649682
87624,-456.8,-58.1910828025
87695,-461.3,-58.7643312102
87766,-459.7,-58.5605095541
87837,-458.8,-58.4458598726
87907,-459.3,-58.5095541401
87978,-460.7,-58.6878980892
88049,-460.7,-58.6878980892
88122,-462.9,-58.9681528662
88196,-465,-59.2356687898
88271,-465,-59.2356687898
88345,-465,-59.2356687898
88420,-465,-59.2356687898
88495,-465,-59.2356687898
88570,-464.8,-59.2101910828
88644,-464.6,-59.1847133758
88719,-464.9,-59.2229299363
88793,-464.1,-59.1210191083
88866,-463.7,-59.0700636943
88938,-459.1,-58.4840764331
89008,-459.2,-58.4968152866
89077,-459.3,-58.5095541401
89148,-462.6,-58.9299363057
89221,-464.2,-59.1337579618
89296,-466.8,-59.4649681529
89373,-469.4,-59.7961783439
89450,-466.2,-59.3885350318
89523,-463,-58.9808917197
89597,-465.5,-59.2993630573
89672,-467.5,-59.5541401274
89748,-467.5,-59.5541401274
89825,-467.5,-59.5541401274
89900,-465.4,-59.2866242038
89973,-463.2,-59.0063694268
90048,-468.8,-59.7197452229
90128,-475.3,-60.5477707006
90209,-470.9,-59.9872611465
90286,-467.3,-59.5286624204
90362,-468.8,-59.7197452229
90440,-469.7,-59.8343949045
90517,-470,-59.872611465
90594,-466.5,-59.4267515924
90668,-466.1,-59.3757961783
90740,-460.4,-58.6496815287
90812,-465.5,-59.2993630573
90885,-464.3,-59.1464968153
90959,-465.7,-59.3248407643
91033,-465.6,-59.3121019108
91107,-466.8,-59.4649681529
91182,-467,-59.4904458599
91258,-470.1,-59.8853503185
91336,-470.7,-59.9617834395
91411,-464.2,-59.1337579618
91480,-457,-58.2165605096
91547,-457.5,-58.2802547771
91615,-460.2,-58.6242038217
91685,-460.7,-58.6878980892
91753,-459.1,-58.4840764331
91823,-463.7,-59.0700636943
91896,-465.2,-59.2611464968
91968,-463.6,-59.0573248408
92040,-465.1,-59.2484076433
92114,-466.7,-59.4522292994
92187,-464.4,-59.1592356688
92259,-463.4,-59.0318471338
92329,-460.1,-58.6114649682
92398,-460.9,-58.7133757962
92470,-465.8,-59.3375796178
92542,-464.8,-59.2101910828
92617,-468.9,-59.7324840764
92690,-463.7,-59.0700636943
92759,-456.1,-58.101910828
92827,-461.9,-58.8407643312
92897,-463,-58.9808917197
92967,-460.6,-58.6751592357
93037,-461.1,-58.7388535032
93107,-464,-59.1082802548
93180,-467.2,-59.5159235669
93254,-464.5,-59.1719745223
93325,-463.2,-59.0063694268
93397,-464.5,-59.1719745223
93468,-463,-58.9808917197
93540,-465.9,-59.3503184713
93615,-470.1,-59.8853503185
93690,-464.5,-59.1719745223
93761,-462,-58.8535031847
93829,-457.1,-58.2292993631
93895,-456,-58.0891719745
93961,-457.1,-58.2292993631
94026,-455.9,-58.076433121
94093,-459.7,-58.5605095541
94164,-466.3,-59.4012738854
94238,-466.3,-59.4012738854
94311,-465.5,-59.2993630573
94382,-461.2,-58.7515923567
94450,-458.4,-58.3949044586
94517,-457.5,-58.2802547771
94585,-461.4,-58.7770700637
94655,-462.6,-58.9299363057
94725,-463.2,-59.0063694268
94795,-460.8,-58.7006369427
94864,-459.7,-58.5605095541
94932,-459.3,-58.5095541401
95000,-460.3,-58.6369426752
95070,-462.9,-58.9681528662
95141,-465.2,-59.2611464968
95214,-466,-59.3630573248
95284,-458.4,-58.3949044586
95351,-456.9,-58.2038216561
95418,-459.9,-58.5859872611
95487,-460.6,-58.6751592357
95556,-460.6,-58.6751592357
95624,-460.6,-58.6751592357
95693,-459.7,-58.5605095541
95761,-458.8,-58.4458598726
95828,-458.8,-58.4458598726
95895,-458.8,-58.4458598726
95964,-460.6,-58.6751592357
96033,-462.4,-58.9044585987
96103,-460.3,-58.6369426752
96170,-457.6,-58.2929936306
96237,-457.6,-58.2929936306
96304,-459.4,-58.5222929936
96372,-459.8,-58.5732484076
96441,-462,-58.8535031847
96511,-462.7,-58.9426751592
96582,-462.3,-58.8917197452
96652,-462.7,-58.9426751592
96722,-459.9,-58.5859872611
96791,-461.8,-58.8280254777
96861,-463.7,-59.0700636943
96933,-463.7,-59.0700636943
97004,-463.7,-59.0700636943
97075,-463.1,-58.9936305732
97148,-468.1,-59.6305732484
97222,-466,-59.3630573248
97294,-462.7,-58.9426751592
97365,-464,-59.1082802548
97439,-469.4,-59.7961783439
97514,-466.5,-59.4267515924
97588,-465.9,-59.3503184713
97659,-461.3,-58.7643312102
97727,-456.7,-58.178343949
97794,-461.2,-58.7515923567
97864,-462,-58.8535031847
97936,-465.5,-59.2993630573
98010,-468.9,-59.7324840764
98085,-465.8,-59.3375796178
98157,-462.8,-58.9554140127
98228,-463.6,-59.0573248408
98300,-465.6,-59.3121019108
98371,-460.1,-58.6114649682
98439,-457.5,-58.2802547771
98505,-457.5,-58.2802547771
98572,-457.5,-58.2802547771
98640,-461.2,-58.7515923567
98712,-465,-59.2356687898
98783,-462.8,-58.9554140127
98855,-463.8,-59.0828025478
98925,-460.4,-58.6496815287
98994,-459.2,-58.4968152866
99063,-461.4,-58.7770700637
99134,-463.9,-59.0955414013
99205,-462.5,-58.9171974522
99275,-461.1,-58.7388535032
99345,-460.8,-58.7006369427
99414,-460.5,-58.6624203822
99484,-460.4,-58.6496815287
99553,-460,-58.5987261146
99622,-459.8,-58.5732484076
99691,-460.8,-58.7006369427
99760,-459.6,-58.5477707006
99828,-457.2,-58.2420382166
99894,-457.2,-58.2420382166
99961,-457.2,-58.2420382166
100028,-456.9,-58.2038216561
100095,-458.1,-58.3566878981
100163,-459.2,-58.4968152866
100232,-460.7,-58.6878980892
100301,-457.7,-58.3057324841
100367,-454.8,-57.9363057325
100432,-454.8,-57.9363057325
100498,-456.5,-58.152866242
100565,-458.2,-58.3694267516
100633,-458.2,-58.3694267516
100700,-457.8,-58.3184713376
100768,-457.3,-58.2547770701
100835,-456.6,-58.1656050955
100902,-457.9,-58.3312101911
100969,-457.2,-58.2420382166
101036,-456.5,-58.152866242
101102,-455.8,-58.0636942675
101168,-455.1,-57.974522293
101234,-455.1,-57.974522293
101299,-453.9,-57.821656051
101363,-452.6,-57.6560509554
101427,-452,-57.5796178344
101490,-451.4,-57.5031847134
101554,-453.7,-57.7961783439
101618,-452.8,-57.6815286624
101681,-449.5,-57.2611464968
101743,-450.1,-57.3375796178
101806,-450.8,-57.4267515924
101868,-450,-57.3248407643
101930,-449.2,-57.2229299363
101991,-448.4,-57.1210191083
102052,-447.6,-57.0191082803
102114,-450.3,-57.3630573248
102177,-452.9,-57.6942675159
102241,-451.5,-57.5159235669
102304,-450.2,-57.3503184713
102366,-449.2,-57.2229299363
102427,-448.3,-57.1082802548
102489,-450.5,-57.3885350318
102553,-452.7,-57.6687898089
102618,-454.1,-57.847133758
102684,-455.5,-58.025477707
102749,-452.5,-57.6433121019
102812,-449.5,-57.2611464968
102876,-453.1,-57.7197452229
102942,-456.8,-58.1910828025
103008,-454,-57.8343949045
103073,-451.1,-57.4649681529
103137,-454.6,-57.9108280255
103205,-458.1,-58.3566878981
103273,-457.4,-58.2675159236
103341,-456.7,-58.178343949
103410,-459.6,-58.5477707006
103481,-462.5,-58.9171974522
103553,-462.1,-58.8662420382
103625,-461.8,-58.8280254777
103697,-461.8,-58.8280254777
103769,-462.3,-58.8917197452
103841,-462,-58.8535031847
103912,-461.1,-58.7388535032
103984,-460.7,-58.6878980892
104054,-460.2,-58.6242038217
104125,-459.9,-58.5859872611
104195,-459.5,-58.5350318471
104266,-460.5,-58.6624203822
104337,-461.6,-58.8025477707
104409,-461.4,-58.7770700637
104480,-461.1,-58.7388535032
104552,-461.1,-58.7388535032
104623,-461.1,-58.7388535032
104695,-460.6,-58.6751592357
104766,-460.1,-58.6114649682
104837,-460.1,-58.6114649682
104908,-462.2,-58.8789808917
104982,-464.2,-59.1337579618
105055,-463,-58.9808917197
105128,-461.9,-58.8407643312
105200,-460.7,-58.6878980892
105271,-459.6,-58.5477707006
105342,-460.2,-58.6242038217
105413,-460.7,-58.6878980892
105485,-462,-58.8535031847
105559,-463.2,-59.0063694268
105631,-460.9,-58.7133757962
105702,-458.5,-58.4076433121
105772,-458.5,-58.4076433121
105842,-458.5,-58.4076433121
105911,-457.9,-58.3312101911
105980,-457.2,-58.2420382166
106048,-454.2,-57.8598726115
106114,-451.2,-57.4777070064
106179,-455.2,-57.9872611465
106248,-459.1,-58.4840764331
106319,-460.5,-58.6624203822
106391,-461.9,-58.8407643312
106463,-460.6,-58.6751592357
106535,-459.3,-58.5095541401
106606,-461,-58.7261146497
106678,-462.7,-58.9426751592
106752,-464.1,-59.1210191083
106828,-465.5,-59.2993630573
106902,-463.5,-59.0445859873
106976,-461.5,-58.7898089172
107048,-461.5,-58.7898089172
107121,-461.5,-58.7898089172
107194,-464.4,-59.1592356688
107270,-467.3,-59.5286624204
107349,-470.7,-59.9617834395
107431,-474.1,-60.3949044586
107515,-474.1,-60.3949044586
107599,-474.1,-60.3949044586
107683,-474.1,-60.3949044586
107767,-475.3,-60.5477707006
107852,-476.4,-60.6878980892
107938,-476.7,-60.7261146497
108025,-477,-60.7643312102
108111,-477,-60.7643312102
108198,-476.3,-60.6751592357
108283,-475.6,-60.5859872611
108369,-475.6,-60.5859872611
108454,-475.2,-60.5350318471
108538,-474.8,-60.4840764331
108622,-474,-60.3821656051
108706,-473.1,-60.2675159236
108789,-473.1,-60.2675159236
108872,-473.1,-60.2675159236
108954,-473.1,-60.2675159236
109037,-473.1,-60.2675159236
109121,-474.7,-60.4713375796
109206,-476.4,-60.6878980892
109292,-476.4,-60.6878980892
109378,-474.2,-60.4076433121
109461,-472.1,-60.1401273885
109543,-472.1,-60.1401273885
109625,-472.1,-60.1401273885
109707,-472.8,-60.2292993631
109790,-473.4,-60.3057324841
109872,-470.9,-59.9872611465
109952,-468.4,-59.6687898089
110031,-468.8,-59.7197452229
110110,-469.1,-59.7579617834
110189,-469.1,-59.7579617834
110269,-469.1,-59.7579617834
110348,-469.1,-59.7579617834
110427,-469.1,-59.7579617834
110507,-469.1,-59.7579617834
110586,-469.1,-59.7579617834
110666,-469.1,-59.7579617834
110746,-471.7,-60.0891719745
110829,-474.2,-60.4076433121
110913,-473.2,-60.2802547771
110996,-472.2,-60.152866242
111078,-471,-60
111159,-469.8,-59.847133758
111239,-469.8,-59.847133758
111319,-469.8,-59.847133758
111399,-469.8,-59.847133758
111480,-469.8,-59.847133758
111560,-469.8,-59.847133758
111640,-469.8,-59.847133758
111721,-471.9,-60.1146496815
111805,-474,-60.3821656051
111889,-474,-60.3821656051
111973,-472.7,-60.2165605096
112055,-471.4,-60.050955414
112137,-471.4,-60.050955414
112219,-471.4,-60.050955414
112301,-471.4,-60.050955414
112383,-471.4,-60.050955414
112465,-471.4,-60.050955414
112547,-470.7,-59.9617834395
112628,-470,-59.872611465
112708,-469.8,-59.847133758
112790,-471,-60
112872,-472.2,-60.152866242
112954,-471.4,-60.050955414
113036,-470.6,-59.949044586
113116,-468.2,-59.6433121019
113195,-465.7,-59.3248407643
113272,-465.7,-59.3248407643
113348,-465,-59.2356687898
113425,-464.9,-59.2229299363
113501,-465.2,-59.2611464968
113578,-465.5,-59.2993630573
113656,-467.5,-59.5541401274
113736,-469.6,-59.821656051
113815,-466.5,-59.4267515924
113891,-463.3,-59.0191082803
113966,-463.3,-59.0191082803
114041,-462.6,-58.9299363057
114115,-461.9,-58.8407643312
114189,-462.1,-58.8662420382
114264,-462.3,-58.8917197452
114338,-461.8,-58.8280254777
114411,-461.4,-58.7770700637
114486,-463.5,-59.0445859873
114562,-465.7,-59.3248407643
114639,-464.7,-59.1974522293
114715,-463.6,-59.0573248408
114790,-462,-58.8535031847
114863,-460.4,-58.6496815287
114935,-458.5,-58.4076433121
115006,-456.7,-58.178343949
115077,-459.4,-58.5222929936
115150,-462,-58.8535031847
115222,-456.5,-58.152866242
115289,-450.9,-57.4394904459
115355,-450.9,-57.4394904459
115420,-450.9,-57.4394904459
115486,-450.9,-57.4394904459
115551,-450.9,-57.4394904459
115617,-450.9,-57.4394904459
115683,-451.5,-57.5159235669
115749,-452,-57.5796178344
115816,-454.8,-57.9363057325
115886,-457.6,-58.2929936306
115956,-456.2,-58.1146496815
116025,-454.7,-57.923566879
116093,-454,-57.8343949045
116161,-453.4,-57.7579617834
116228,-453.5,-57.7707006369
116296,-453.2,-57.7324840764
116363,-452.8,-57.6815286624
116430,-452.5,-57.6433121019
116497,-452.3,-57.6178343949
116563,-452.3,-57.6178343949
116630,-452.3,-57.6178343949
116697,-451.5,-57.5159235669
116762,-450.8,-57.4267515924
116827,-449,-57.1974522293
116891,-447.3,-56.9808917197
116954,-446.1,-56.8280254777
117016,-445,-56.6878980892
117077,-445,-56.6878980892
117139,-446.2,-56.8407643312
117202,-447.4,-56.9936305732
117264,-446,-56.8152866242
117326,-444.6,-56.6369426752
117388,-446.5,-56.8789808917
117451,-448.5,-57.1337579618
117514,-445.5,-56.7515923567
117575,-442.4,-56.3566878981
117635,-444.1,-56.5732484076
117697,-445.8,-56.7898089172
117759,-446.6,-56.8917197452
117822,-447.7,-57.0318471338
117886,-447.9,-57.0573248408
117949,-447.3,-56.9808917197
118012,-446.6,-56.8917197452
118074,-444.5,-56.6242038217
118135,-442.3,-56.3439490446
118194,-442.3,-56.3439490446
118254,-442.3,-56.3439490446
118314,-443.9,-56.5477707006
118376,-445.5,-56.7515923567
118438,-445.5,-56.7515923567
118499,-443.5,-56.4968152866
118559,-441.6,-56.2547770701
118618,-440.2,-56.076433121
118676,-438.7,-55.8853503185
118735,-443.1,-56.4458598726
118796,-447.5,-57.0063694268
118859,-445.7,-56.7770700637
118921,-443.9,-56.5477707006
118981,-443.9,-56.5477707006
119042,-442,-56.3057324841
119101,-440,-56.050955414
119160,-442.7,-56.3949044586
119221,-445.4,-56.7388535032
119283,-445.4,-56.7388535032
119345,-445,-56.6878980892
119406,-444.7,-56.6496815287
119467,-443.5,-56.4968152866
119528,-443.6,-56.5095541401
119589,-445,-56.6878980892
119650,-443.1,-56.4458598726
119710,-441.2,-56.2038216561
119770,-443.6,-56.5095541401
119831,-446,-56.8152866242
119894,-446,-56.8152866242
119955,-444.2,-56.5859872611
120016,-442.4,-56.3566878981
120076,-443.7,-56.5222929936
120138,-445,-56.6878980892
120199,-443.8,-56.5350318471
120259,-442.5,-56.3694267516
120319,-442.5,-56.3694267516
120379,-442.5,-56.3694267516
120439,-441.1,-56.1910828025
120498,-439.8,-56.025477707
120555,-438.2,-55.821656051
120612,-436.6,-55.6178343949
120669,-437.3,-55.7070063694
120726,-438,-55.7961783439
120783,-438.9,-55.9108280255
120841,-440.4,-56.101910828
120900,-441,-56.178343949
120959,-441,-56.178343949
121018,-442,-56.3057324841
121079,-443.1,-56.4458598726
121139,-443.1,-56.4458598726
121199,-440.4,-56.101910828
121256,-437.6,-55.7452229299
121314,-439.5,-55.9872611465
121373,-441.5,-56.2420382166
121432,-441.5,-56.2420382166
121492,-441.4,-56.2292993631
121551,-441.3,-56.2165605096
121610,-441.3,-56.2165605096
121669,-439.6,-56
121727,-437.9,-55.7834394904
121784,-437.9,-55.7834394904
121840,-436.1,-55.5541401274
121896,-434.3,-55.3248407643
121951,-434.3,-55.3248407643
122006,-437.2,-55.6942675159
122064,-440.1,-56.0636942675
122122,-438,-55.7961783439
122178,-436,-55.5414012739
122234,-435.5,-55.4777070064
122290,-435,-55.4140127389
122345,-436.1,-55.5541401274
122402,-437.3,-55.7070063694
122458,-437.3,-55.7070063694
122515,-436.5,-55.6050955414
122571,-435.8,-55.5159235669
122627,-437.1,-55.6815286624
122684,-438.5,-55.8598726115
122742,-440.6,-56.127388535
122801,-442.8,-56.4076433121
122861,-440.1,-56.0636942675
122919,-438.9,-55.9108280255
122977,-440.3,-56.0891719745
123036,-440.9,-56.1656050955
123095,-441.5,-56.2420382166
123154,-439.9,-56.0382165605
123211,-438.2,-55.821656051
123268,-435.3,-55.4522292994
123322,-432.4,-55.0828025478
123377,-434.8,-55.3885350318
123432,-437.3,-55.7070063694
123489,-437,-55.6687898089
123545,-436.6,-55.6178343949
123602,-437.2,-55.6942675159
123658,-437.8,-55.7707006369
123715,-436.1,-55.5541401274
123770,-434.5,-55.3503184713
123825,-434.5,-55.3503184713
123880,-435.1,-55.4267515924
123936,-435.8,-55.5159235669
123991,-436.5,-55.6050955414
124046,-432.5,-55.0955414013
124100,-431.5,-54.9681528662
124154,-435.4,-55.4649681529
124209,-435.4,-55.4649681529
124265,-435.4,-55.4649681529
124320,-436,-55.5414012739
124376,-436.6,-55.6178343949
124432,-436,-55.5414012739
124488,-435.5,-55.4777070064
124544,-435.3,-55.4522292994
124599,-435.1,-55.4267515924
124654,-435.3,-55.4522292994
124710,-435.4,-55.4649681529
124765,-435.4,-55.4649681529
124821,-435.1,-55.4267515924
124877,-437.4,-55.7197452229
124935,-439.9,-56.0382165605
124993,-438.8,-55.898089172
125050,-437.6,-55.7452229299
125107,-436.2,-55.5668789809
125162,-434.9,-55.4012738854
125217,-433.3,-55.1974522293
125271,-431.7,-54.9936305732
125325,-433.5,-55.2229299363
125380,-435.4,-55.4649681529
125435,-434.1,-55.2993630573
125490,-432.9,-55.1464968153
125544,-432.6,-55.1082802548
125598,-432.4,-55.0828025478
125653,-434.5,-55.3503184713
125708,-436.5,-55.6050955414
125765,-436.4,-55.5923566879
125821,-435.9,-55.5286624204
125877,-435.4,-55.4649681529
125933,-435.8,-55.5159235669
125989,-436.3,-55.5796178344
126046,-436.8,-55.6433121019
126103,-437.4,-55.7197452229
126160,-438.1,-55.8089171975
126217,-435.9,-55.5286624204
126272,-432.9,-55.1464968153
126327,-433.1,-55.1719745223
126381,-433.3,-55.1974522293
126436,-433.5,-55.2229299363
126491,-433.7,-55.2484076433
126545,-431.5,-54.9681528662
126598,-429.3,-54.6878980892
126650,-427.3,-54.4331210191
126700,-423.8,-53.9872611465
126749,-422.3,-53.7961783439
126799,-426.3,-54.3057324841
126851,-430.2,-54.8025477707
126904,-428.2,-54.5477707006
126955,-426.1,-54.2802547771
127006,-426.1,-54.2802547771
127057,-426.1,-54.2802547771
127108,-426.1,-54.2802547771
127159,-425.5,-54.2038216561
127210,-424.9,-54.127388535
127260,-424.2,-54.0382165605
127310,-423.5,-53.949044586
127360,-423.4,-53.9363057325
127410,-423.2,-53.9108280255
127460,-423.7,-53.974522293
127510,-424.1,-54.025477707
127560,-423.3,-53.923566879
127610,-422.5,-53.821656051
127660,-423.3,-53.923566879
127710,-424.1,-54.025477707
127760,-422.7,-53.847133758
127810,-421.7,-53.7197452229
127860,-422.1,-53.7707006369
127910,-424,-54.0127388535
127961,-424.5,-54.076433121
128012,-423.2,-53.9108280255
128062,-421.7,-53.7197452229
128112,-420.2,-53.5286624204
128161,-420.2,-53.5286624204
128210,-420.2,-53.5286624204
128259,-421.2,-53.6560509554
128309,-419.4,-53.4267515924
128357,-416.6,-53.0700636943
128405,-416.9,-53.1082802548
128453,-417.2,-53.1464968153
128501,-417.2,-53.1464968153
128549,-419.1,-53.3885350318
128599,-421,-53.6305732484
128650,-422.4,-53.8089171975
128702,-423.7,-53.974522293
128753,-421.8,-53.7324840764
128804,-419.9,-53.4904458599
128854,-421.2,-53.6560509554
128906,-422.5,-53.821656051
128958,-423.9,-54
129011,-425.3,-54.178343949
129065,-425.3,-54.178343949
129119,-425.3,-54.178343949
129172,-422.5,-53.821656051
129224,-419.8,-53.4777070064
129274,-418,-53.2484076433
129324,-416.3,-53.0318471338
129374,-419.6,-53.4522292994
129428,-428.7,-54.6114649682
129486,-434.5,-55.3503184713
129545,-429.1,-54.6624203822
129600,-423.8,-53.9872611465
129653,-421.5,-53.6942675159
129705,-419.1,-53.3885350318
129757,-420.2,-53.5286624204
129809,-421.4,-53.6815286624
129863,-422.1,-53.7707006369
129916,-423.7,-53.974522293
129971,-424.6,-54.0891719745
130026,-422.5,-53.821656051
130079,-420.3,-53.5414012739
130131,-420.3,-53.5414012739
130185,-423.5,-53.949044586
130241,-426.7,-54.3566878981
130297,-425.4,-54.1910828025
130353,-425.5,-54.2038216561
130410,-426.9,-54.3821656051
130467,-427,-54.3949044586
130525,-427.2,-54.4203821656
130582,-428,-54.5222929936
130641,-428.9,-54.6369426752
130699,-429.5,-54.7133757962
130759,-431.1,-54.9171974522
130819,-432.2,-55.0573248408
130880,-432.9,-55.1464968153
130942,-433.5,-55.2229299363
131004,-433.6,-55.2356687898
131066,-433.7,-55.2484076433
131128,-435,-55.4140127389
131190,-432.7,-55.1210191083
131250,-429.2,-54.6751592357
131311,-433.1,-55.1719745223
131374,-437,-55.6687898089
131439,-439.4,-55.974522293
131506,-441.8,-56.2802547771
131574,-440.5,-56.1146496815
131641,-439.2,-55.949044586
131707,-439,-55.923566879
131773,-438.8,-55.898089172
131840,-441.3,-56.2165605096
131908,-443.8,-56.5350318471
131978,-443.5,-56.4968152866
132048,-445,-56.6878980892
132120,-446.8,-56.9171974522
132192,-446.8,-56.9171974522
132264,-445.7,-56.7770700637
132335,-444.6,-56.6369426752
132406,-444.7,-56.6496815287
132477,-445.2,-56.7133757962
132548,-445.5,-56.7515923567
132619,-445.5,-56.7515923567
132691,-445.5,-56.7515923567
132763,-446.6,-56.8917197452
132836,-449,-57.1974522293
132911,-450.2,-57.3503184713
132987,-451.7,-57.5414012739
133065,-453.1,-57.7197452229
133142,-452.2,-57.6050955414
133219,-451.3,-57.4904458599
133296,-452.5,-57.6433121019
133374,-453.7,-57.7961783439
133452,-451.6,-57.5286624204
133528,-449.5,-57.2611464968
133603,-449.5,-57.2611464968
133679,-453,-57.7070063694
133759,-456.6,-58.1656050955
133841,-456.9,-58.2038216561
133923,-457,-58.2165605096
134005,-459.5,-58.5350318471
134091,-461.9,-58.8407643312
134178,-462.6,-58.9299363057
134266,-464.7,-59.1974522293
134356,-465.8,-59.3375796178
134447,-466.8,-59.4649681529
134538,-464.8,-59.2101910828
134628,-464.7,-59.1974522293
134719,-468.6,-59.6942675159
134815,-472.1,-60.1401273885
134912,-471.7,-60.0891719745
135009,-471.6,-60.076433121
135107,-473.4,-60.3057324841
135207,-473.9,-60.3694267516
135308,-475.2,-60.5350318471
135408,-474.1,-60.3949044586
135507,-471.3,-60.0382165605
135604,-471.8,-60.101910828
135702,-473.1,-60.2675159236
135802,-474.3,-60.4203821656
135903,-474.2,-60.4076433121
136003,-473.2,-60.2802547771
136103,-475.4,-60.5605095541
136206,-477.2,-60.7898089172
136309,-475,-60.5095541401
136411,-474.7,-60.4713375796
136512,-475.6,-60.5859872611
136614,-474.1,-60.3949044586
136715,-475.4,-60.5605095541
136819,-478,-60.8917197452
136923,-476.1,-60.6496815287
137026,-475.4,-60.5605095541
137130,-477.3,-60.8025477707
137235,-478,-60.8917197452
137341,-478.3,-60.9299363057
137446,-476.7,-60.7261146497
137549,-475.1,-60.5222929936
137651,-475.2,-60.5350318471
137754,-475.7,-60.5987261146
137858,-477.7,-60.8535031847
137966,-481.5,-61.3375796178
138078,-483.8,-61.6305732484
138193,-485.9,-61.898089172
138308,-484.1,-61.6687898089
138420,-482,-61.4012738854
138532,-482.8,-61.5031847134
138644,-482.5,-61.4649681529
138756,-482.5,-61.4649681529
138868,-482,-61.4012738854
138978,-480.3,-61.1847133758
139087,-480.3,-61.1847133758
139197,-481.7,-61.3630573248
139308,-480.9,-61.2611464968
139418,-480.9,-61.2611464968
139530,-482.7,-61.4904458599
139643,-483.7,-61.6178343949
139756,-482.5,-61.4649681529
139868,-481.1,-61.2866242038
139979,-482.4,-61.4522292994
140093,-484.5,-61.7197452229
140207,-483.5,-61.5923566879
140319,-480.6,-61.2229299363
140430,-481.2,-61.2993630573
140542,-482.6,-61.4777070064
140655,-482.2,-61.4267515924
140766,-480.9,-61.2611464968
140876,-479.3,-61.0573248408
140986,-482.2,-61.4267515924
141100,-483.2,-61.5541401274
141212,-481,-61.2738853503
141323,-480.6,-61.2229299363
141434,-482,-61.4012738854
141547,-483,-61.5286624204
141661,-482.3,-61.4394904459
141773,-481.9,-61.3885350318
141885,-481.2,-61.2993630573
141997,-482.1,-61.4140127389
142108,-480.1,-61.1592356688
142218,-479.6,-61.0955414013
142329,-481.1,-61.2866242038
142440,-480.4,-61.1974522293
142551,-481.9,-61.3885350318
142665,-483.4,-61.5796178344
142779,-483.1,-61.5414012739
142893,-482.5,-61.4649681529
143006,-481.5,-61.3375796178
143117,-479.6,-61.0955414013
143227,-480.1,-61.1592356688
143338,-481,-61.2738853503
143450,-481.2,-61.2993630573
143562,-481.2,-61.2993630573
143675,-483.1,-61.5414012739
143790,-484.5,-61.7197452229
143905,-481.4,-61.3248407643
144016,-479,-61.0191082803
144126,-480.4,-61.1974522293
144237,-480.1,-61.1592356688
144346,-477.6,-60.8407643312
144453,-478.1,-60.9044585987
144562,-478.5,-60.9554140127
144671,-479,-61.0191082803
144782,-480.7,-61.2356687898
144894,-481.4,-61.3248407643
145006,-480.6,-61.2229299363
145116,-478.9,-61.0063694268
145226,-479.5,-61.0828025478
145337,-480.3,-61.1847133758
145449,-481.4,-61.3248407643
145563,-483.3,-61.5668789809
145678,-482.5,-61.4649681529
145792,-481.6,-61.3503184713
145905,-482.3,-61.4394904459
146019,-481.5,-61.3375796178
146131,-479.6,-61.0955414013
146242,-479.6,-61.0955414013
146352,-478.8,-60.9936305732
146461,-477.9,-60.8789808917
146570,-478.6,-60.9681528662
146681,-479.6,-61.0955414013
146792,-479.8,-61.1210191083
146903,-479.7,-61.1082802548
147014,-479,-61.0191082803
147124,-479.4,-61.0700636943
147236,-479.8,-61.1210191083
147347,-479.8,-61.1210191083
147459,-480.6,-61.2229299363
147572,-480,-61.1464968153
147684,-479.5,-61.0828025478
147796,-481.2,-61.2993630573
147910,-481.6,-61.3503184713
148025,-482.5,-61.4649681529
148141,-482.4,-61.4522292994
148253,-477.7,-60.8535031847
148362,-476.8,-60.7388535032
148471,-477.9,-60.8789808917
148581,-477.5,-60.8280254777
148691,-478.7,-60.9808917197
148802,-478.7,-60.9808917197
148913,-478,-60.8917197452
149022,-477.4,-60.8152866242
149132,-476.9,-60.7515923567
149241,-477.7,-60.8535031847
149351,-476.8,-60.7388535032
149460,-476.4,-60.6878980892
149569,-477.6,-60.8407643312
149679,-477.5,-60.8280254777
149789,-477.3,-60.8025477707
149899,-477.1,-60.7770700637
150008,-475.7,-60.5987261146
150116,-475.6,-60.5859872611
150224,-476.9,-60.7515923567
150333,-475.7,-60.5987261146
150440,-473.2,-60.2802547771
150545,-473.4,-60.3057324841
150653,-476.2,-60.6624203822
150762,-476.1,-60.6496815287
150868,-472.1,-60.1401273885
150972,-471.3,-60.0382165605
151076,-472.8,-60.2292993631
151181,-473.1,-60.2675159236
151287,-473.1,-60.2675159236
151393,-475,-60.5095541401
151502,-476.2,-60.6624203822
151611,-476,-60.6369426752
151721,-476.1,-60.6496815287
151832,-478.7,-60.9808917197
151945,-479.1,-61.0318471338
152058,-479.1,-61.0318471338
152171,-477.9,-60.8789808917
152283,-478.4,-60.9426751592
152398,-480.7,-61.2356687898
152513,-480.3,-61.1847133758
152628,-479,-61.0191082803
152740,-477.7,-60.8535031847
152852,-476.8,-60.7388535032
152963,-477.9,-60.8789808917
153076,-477.7,-60.8535031847
153188,-478.5,-60.9554140127
153301,-477.9,-60.8789808917
153412,-475.2,-60.5350318471
153523,-477.5,-60.8280254777
153637,-480.2,-61.1719745223
153753,-480.4,-61.1974522293
153868,-478.2,-60.9171974522
153981,-477.5,-60.8280254777
154094,-478.1,-60.9044585987
154207,-477.6,-60.8407643312
154322,-480.6,-61.2229299363
154438,-478.9,-61.0063694268
154551,-475.9,-60.6242038217
154664,-478.8,-60.9936305732
154783,-485.7,-61.872611465
154907,-484.5,-61.7197452229
155029,-482.9,-61.5159235669
155151,-484.7,-61.7452229299
155271,-480,-61.1464968153
155388,-480.1,-61.1592356688
155506,-480.9,-61.2611464968
155625,-482,-61.4012738854
155743,-478.9,-61.0063694268
155861,-481.8,-61.3757961783
155983,-484.8,-61.7579617834
156105,-481.2,-61.2993630573
156225,-482.5,-61.4649681529
156349,-486,-61.9108280255
156473,-482.7,-61.4904458599
156593,-480.5,-61.2101910828
156714,-482.6,-61.4777070064
156835,-482.4,-61.4522292994
156957,-482.7,-61.4904458599
157080,-482.9,-61.5159235669
157202,-482.4,-61.4522292994
157324,-482.9,-61.5159235669
157444,-478.4,-60.9426751592
157560,-477.5,-60.8280254777
157677,-478.8,-60.9936305732
157793,-477.4,-60.8152866242
157909,-477.9,-60.8789808917
158026,-479,-61.0191082803
158140,-473.2,-60.2802547771
158250,-473,-60.2547770701
158359,-471.2,-60.025477707
158469,-474.2,-60.4076433121
158584,-479.8,-61.1210191083
158702,-477.2,-60.7898089172
158815,-473.9,-60.3694267516
158925,-471.2,-60.025477707
159033,-471.8,-60.101910828
159139,-466.8,-59.4649681529
159240,-463.1,-58.9936305732
159340,-465.3,-59.2738853503
159444,-471,-60
159548,-463.7,-59.0700636943
159651,-469.2,-59.7707006369
159757,-469.8,-59.847133758
159865,-470.9,-59.9872611465
159971,-467.3,-59.5286624204
160076,-469.2,-59.7707006369
160184,-472.3,-60.1656050955
160293,-471.8,-60.101910828
160403,-472.5,-60.1910828025
160514,-472.6,-60.2038216561
160626,-476.3,-60.6751592357
160740,-473,-60.2547770701
160851,-474.4,-60.4331210191
160963,-472.7,-60.2165605096
161077,-476.9,-60.7515923567
161192,-476.1,-60.6496815287
161308,-477.2,-60.7898089172
161427,-480,-61.1464968153
161545,-476.6,-60.7133757962
161661,-476.5,-60.7006369427
161776,-474.4,-60.4331210191
161890,-475.7,-60.5987261146
162005,-475.3,-60.5477707006
162117,-471.8,-60.101910828
162227,-471.8,-60.101910828
162336,-469.5,-59.8089171975
162440,-464.9,-59.2229299363
162543,-465.7,-59.3248407643
162649,-471.8,-60.101910828
162759,-470.7,-59.9617834395
162867,-469,-59.7452229299
162976,-471.3,-60.0382165605
163089,-475.7,-60.5987261146
163204,-474.4,-60.4331210191
163318,-474.5,-60.4458598726
163432,-474.2,-60.4076433121
163546,-473.1,-60.2675159236
163660,-475.6,-60.5859872611
163777,-476.6,-60.7133757962
163896,-478.2,-60.9171974522
164016,-478.8,-60.9936305732
164136,-477.7,-60.8535031847
164258,-481.8,-61.3757961783
164385,-483,-61.5286624204
164512,-483.7,-61.6178343949
164642,-484.9,-61.7707006369
164769,-480.9,-61.2611464968
164894,-482,-61.4012738854
165021,-482.9,-61.5159235669
165148,-482,-61.4012738854
165274,-482.1,-61.4140127389
165399,-479.1,-61.0318471338
165522,-480.1,-61.1592356688
165646,-481.2,-61.2993630573
165774,-483.6,-61.6050955414
165903,-483.4,-61.5796178344
166029,-480,-61.1464968153
166155,-482.8,-61.5031847134
166284,-482.5,-61.4649681529
166411,-480.9,-61.2611464968
166537,-482.2,-61.4267515924
166662,-478,-60.8917197452
166785,-479.5,-61.0828025478
166909,-479,-61.0191082803
167035,-482.8,-61.5031847134
167164,-481.6,-61.3503184713
167290,-480,-61.1464968153
167414,-478.6,-60.9681528662
167539,-479.8,-61.1210191083
167664,-479.8,-61.1210191083
167790,-480.3,-61.1847133758
167915,-479.3,-61.0573248408
168039,-477.3,-60.8025477707
168159,-474.7,-60.4713375796
168276,-471.8,-60.101910828
168391,-471.6,-60.076433121
168506,-473.3,-60.2929936306
168623,-472.1,-60.1401273885
168739,-473.5,-60.3184713376
168857,-474.1,-60.3949044586
168974,-471.3,-60.0382165605
169088,-469.7,-59.8343949045
169201,-469.7,-59.8343949045
169314,-469.4,-59.7961783439
169425,-466.5,-59.4267515924
169531,-462.1,-58.8662420382
169638,-466.6,-59.4394904459
169750,-470.4,-59.923566879
169866,-472.8,-60.2292993631
169983,-471.2,-60.025477707
170101,-473.6,-60.3312101911
170221,-475.3,-60.5477707006
170340,-471.7,-60.0891719745
170455,-468.8,-59.7197452229
170568,-467.7,-59.5796178344
170683,-472.5,-60.1910828025
170803,-474.9,-60.4968152866
170922,-471.1,-60.0127388535
171040,-473.5,-60.3184713376
171165,-479.3,-61.0573248408
171289,-473.5,-60.3184713376
171405,-468.4,-59.6687898089
171519,-469.1,-59.7579617834
171638,-476,-60.6369426752
171760,-472.8,-60.2292993631
171880,-474,-60.3821656051
172004,-477.5,-60.8280254777
172132,-479.9,-61.1337579618
172262,-480.5,-61.2101910828
172393,-480.5,-61.2101910828
172522,-476.8,-60.7388535032
172647,-477,-60.7643312102
172774,-477.5,-60.8280254777
172900,-476.7,-60.7261146497
173027,-478,-60.8917197452
173153,-475.5,-60.5732484076
173275,-473,-60.2547770701
173397,-474.3,-60.4203821656
173519,-473.4,-60.3057324841
173642,-474.4,-60.4331210191
173761,-469.4,-59.7961783439
173875,-466,-59.3630573248
173988,-467,-59.4904458599
174105,-472.7,-60.2165605096
174226,-472,-60.127388535
174344,-468.6,-59.6942675159
174459,-467.6,-59.5668789809
174573,-467.2,-59.5159235669
174688,-468,-59.6178343949
174804,-469.1,-59.7579617834
174920,-467,-59.4904458599
175034,-467.6,-59.5668789809
175150,-468.3,-59.6560509554
175266,-468.4,-59.6687898089
175386,-472.5,-60.1910828025
175509,-475,-60.5095541401
175630,-468,-59.6178343949
175746,-467.7,-59.5796178344
175866,-473.5,-60.3184713376
175991,-474.8,-60.4840764331
176117,-474.9,-60.4968152866
176244,-476.9,-60.7515923567
176373,-475.5,-60.5732484076
176501,-476.5,-60.7006369427
176630,-477,-60.7643312102
176759,-476.8,-60.7388535032
176887,-474.7,-60.4713375796
177015,-476.5,-60.7006369427
177142,-474,-60.3821656051
177268,-473.9,-60.3694267516
177393,-472.8,-60.2292993631
177517,-473.1,-60.2675159236
177644,-476,-60.6369426752
177773,-476.2,-60.6624203822
177900,-473.2,-60.2802547771
178026,-474,-60.3821656051
178153,-475.1,-60.5222929936
178283,-477.5,-60.8280254777
178417,-480.8,-61.2484076433
178554,-480.6,-61.2229299363
178691,-481.4,-61.3248407643
178830,-481.8,-61.3757961783
178965,-476.7,-60.7261146497
179093,-472.3,-60.1656050955
179217,-471.6,-60.076433121
179342,-473.7,-60.3439490446
179468,-472.7,-60.2165605096
179590,-468.2,-59.6433121019
179706,-463.5,-59.0445859873
179820,-464.7,-59.1974522293
179939,-470.1,-59.8853503185
180060,-469.8,-59.847133758
180182,-469.9,-59.8598726115
180304,-469.5,-59.8089171975
180426,-470.5,-59.9363057325
180546,-466.1,-59.3757961783
180663,-465.7,-59.3248407643
180780,-465.7,-59.3248407643
180895,-463.8,-59.0828025478
181011,-466.3,-59.4012738854
181132,-471.8,-60.101910828
181259,-473.5,-60.3184713376
181382,-466.8,-59.4649681529
181502,-469.2,-59.7707006369
181626,-472.7,-60.2165605096
181753,-472.3,-60.1656050955
181881,-473.8,-60.3566878981
182011,-475.9,-60.6242038217
182146,-479.4,-61.0700636943
182284,-480.2,-61.1719745223
182421,-477.3,-60.8025477707
182556,-478.2,-60.9171974522
182694,-480.7,-61.2356687898
182830,-476,-60.6369426752
182965,-478.5,-60.9554140127
183102,-478.9,-61.0063694268
183243,-483.8,-61.6305732484
183386,-481,-61.2738853503
183525,-478.2,-60.9171974522
183664,-481.4,-61.3248407643
183807,-481.6,-61.3503184713
183948,-480.9,-61.2611464968
184088,-479.2,-61.0445859873
184229,-481.1,-61.2866242038
184367,-476.7,-60.7261146497
184501,-475.1,-60.5222929936
184641,-484.9,-61.7707006369
184787,-481.8,-61.3757961783
184928,-479.1,-61.0318471338
185069,-481.2,-61.2993630573
185212,-482,-61.4012738854
185354,-479.1,-61.0318471338
185494,-480.3,-61.1847133758
185640,-485,-61.7834394904
185788,-483.6,-61.6050955414
185931,-478.5,-60.9554140127
186071,-480.1,-61.1592356688
186213,-480.6,-61.2229299363
186356,-480.4,-61.1974522293
186499,-481.6,-61.3503184713
186642,-478.8,-60.9936305732
186784,-481.3,-61.3121019108
186927,-480.4,-61.1974522293
187067,-476.9,-60.7515923567
187204,-476.4,-60.6878980892
187343,-479.3,-61.0573248408
187486,-481.7,-61.3630573248
187630,-479.5,-61.0828025478
187770,-477.4,-60.8152866242
187907,-475,-60.5095541401
188042,-475.2,-60.5350318471
188181,-480.3,-61.1847133758
188324,-480.2,-61.1719745223
188467,-479,-61.0191082803
188609,-480.8,-61.2484076433
188752,-478.4,-60.9426751592
188892,-478.2,-60.9171974522
189030,-476.1,-60.6496815287
189165,-473.4,-60.3057324841
189297,-472.5,-60.1910828025
189431,-476.2,-60.6624203822
189568,-475.9,-60.6242038217
189702,-473.6,-60.3312101911
189832,-470,-59.872611465
189961,-471.6,-60.076433121
190092,-473,-60.2547770701
190222,-470.1,-59.8853503185
190348,-467.8,-59.5923566879
190469,-463.2,-59.0063694268
190587,-463,-58.9808917197
190705,-462.6,-58.9299363057
190822,-461.4,-58.7770700637
190934,-456,-58.0891719745
191043,-456.5,-58.152866242
191156,-462.3,-58.8917197452
191276,-465.7,-59.3248407643
191398,-466.8,-59.4649681529
191522,-467.8,-59.5923566879
191647,-468.1,-59.6305732484
191771,-467,-59.4904458599
191895,-467.7,-59.5796178344
192018,-464.8,-59.2101910828
192138,-464,-59.1082802548
192258,-465.2,-59.2611464968
192382,-468.2,-59.6433121019
192509,-470.3,-59.9108280255
192638,-471.3,-60.0382165605
192768,-471.1,-60.0127388535
192895,-467.4,-59.5414012739
193022,-470.4,-59.923566879
193152,-472.7,-60.2165605096
193285,-473.1,-60.2675159236
193421,-476.2,-60.6624203822
193556,-473,-60.2547770701
193687,-469.6,-59.821656051
193816,-470.9,-59.9872611465
193946,-470.9,-59.9872611465
194075,-469.4,-59.7961783439
194201,-466.8,-59.4649681529
194324,-464.5,-59.1719745223
194444,-462.9,-58.9681528662
194565,-465.5,-59.2993630573
194687,-464.5,-59.1719745223
194806,-461.2,-58.7515923567
194926,-466.3,-59.4012738854
195051,-467.2,-59.5159235669
195175,-465.3,-59.2738853503
195298,-464.8,-59.2101910828
195420,-465.5,-59.2993630573
195546,-468.9,-59.7324840764
195676,-471.3,-60.0382165605
195808,-471.8,-60.101910828
195940,-470.8,-59.974522293
196071,-470.5,-59.9363057325
196202,-469.7,-59.8343949045
196332,-470.5,-59.9363057325
196463,-470.5,-59.9363057325
196593,-468.9,-59.7324840764
196722,-468.5,-59.6815286624
196846,-463.2,-59.0063694268
196965,-460.5,-58.6624203822
197086,-465.5,-59.2993630573
197211,-467.4,-59.5414012739
197338,-466.2,-59.3885350318
197462,-465.1,-59.2484076433
197587,-465.6,-59.3121019108
197711,-465.4,-59.2866242038
197833,-462.2,-58.8789808917
197954,-463.3,-59.0191082803
198075,-460.8,-58.7006369427
198192,-459.5,-58.5350318471
198309,-459.2,-58.4968152866
198426,-459.3,-58.5095541401
198542,-458.5,-58.4076433121
198656,-455.6,-58.0382165605
198768,-456.2,-58.1146496815
198881,-454.9,-57.949044586
198992,-454.2,-57.8598726115
199104,-456.7,-58.178343949
199220,-459.5,-58.5350318471
199337,-458.2,-58.3694267516
199452,-456.9,-58.2038216561
199567,-458.3,-58.3821656051
199682,-455.5,-58.025477707
199793,-453.2,-57.7324840764
199904,-454.1,-57.847133758
200015,-452.4,-57.6305732484
200124,-453,-57.7070063694
200236,-454.7,-57.923566879
200345,-449.6,-57.2738853503
200451,-448.3,-57.1082802548
200558,-450.7,-57.4140127389
200666,-451,-57.4522292994
200776,-453,-57.7070063694
200887,-453.1,-57.7197452229
200998,-452.7,-57.6687898089
201109,-451.5,-57.5159235669
201216,-447.3,-56.9808917197
201319,-444.8,-56.6624203822
201423,-447.6,-57.0191082803
201529,-448.5,-57.1337579618
201635,-447.7,-57.0318471338
201742,-449.3,-57.2356687898
201849,-448.2,-57.0955414013
201957,-449.7,-57.2866242038
202065,-447.7,-57.0318471338
202169,-444.7,-56.6496815287
202275,-449.9,-57.3121019108
202386,-451,-57.4522292994
202496,-450.5,-57.3885350318
202607,-450.6,-57.4012738854
202717,-449.4,-57.2484076433
202826,-449,-57.1974522293
202936,-450.2,-57.3503184713
203046,-449.5,-57.2611464968
203155,-447,-56.9426751592
203262,-446.5,-56.8789808917
203370,-449.1,-57.2101910828
203481,-450.4,-57.3757961783
203592,-449.6,-57.2738853503
203704,-451.4,-57.5031847134
203818,-452.5,-57.6433121019
203933,-453.1,-57.7197452229
204049,-453.5,-57.7707006369
204164,-451.1,-57.4649681529
204278,-451.9,-57.5668789809
204394,-454.3,-57.872611465
204512,-453.8,-57.8089171975
204629,-452.4,-57.6305732484
204743,-450.1,-57.3375796178
204857,-451.4,-57.5031847134
204973,-453.7,-57.7961783439
205092,-456,-58.0891719745
205214,-456.8,-58.1910828025
205336,-456.7,-58.178343949
205458,-456.4,-58.1401273885
205582,-458.3,-58.3821656051
205708,-460.1,-58.6114649682
205836,-460.7,-58.6878980892
205965,-461.3,-58.7643312102
206097,-464.3,-59.1464968153
206232,-464.9,-59.2229299363
206366,-462.6,-58.9299363057
206496,-460.9,-58.7133757962
206627,-462.3,-58.8917197452
206759,-462.5,-58.9171974522
206890,-460.2,-58.6242038217
207019,-460.8,-58.7006369427
207149,-460.3,-58.6369426752
207278,-460.4,-58.6496815287
207409,-461.5,-58.7898089172
207540,-460.8,-58.7006369427
207671,-461.4,-58.7770700637
207803,-461.7,-58.8152866242
207933,-459.3,-58.5095541401
208061,-458.8,-58.4458598726
208191,-460.8,-58.7006369427
208319,-456.9,-58.2038216561
208445,-457.6,-58.2929936306
208571,-456.8,-58.1910828025
208696,-456.3,-58.127388535
208821,-456.4,-58.1401273885
208946,-456.1,-58.101910828
209072,-457,-58.2165605096
209195,-453.2,-57.7324840764
209315,-452.1,-57.5923566879
209436,-453.9,-57.821656051
209560,-456.2,-58.1146496815
209686,-457.3,-58.2547770701
209812,-455.8,-58.0636942675
209938,-456.4,-58.1401273885
210062,-453.4,-57.7579617834
210182,-450,-57.3248407643
210300,-450.8,-57.4267515924
210418,-451,-57.4522292994
210538,-452.5,-57.6433121019
210659,-451.8,-57.5541401274
210777,-449,-57.1974522293
210893,-447.9,-57.0573248408
211009,-448.3,-57.1082802548
211127,-450.9,-57.4394904459
211246,-451.1,-57.4649681529
211366,-450.5,-57.3885350318
211485,-450.3,-57.3630573248
211603,-448.8,-57.1719745223
211721,-450.8,-57.4267515924
211842,-452,-57.5796178344
211960,-447.2,-56.9681528662
212075,-447.4,-56.9936305732
212190,-446.1,-56.8280254777
212305,-448.3,-57.1082802548
212422,-447.7,-57.0318471338
212538,-447.5,-57.0063694268
212653,-445.2,-56.7133757962
212766,-445.1,-56.7006369427
212881,-447.8,-57.0445859873
212996,-445.3,-56.7261146497
213109,-444.4,-56.6114649682
213223,-447.2,-56.9681528662
213338,-446,-56.8152866242
213453,-445.5,-56.7515923567
213567,-446.4,-56.8662420382
213684,-447.8,-57.0445859873
213799,-444.1,-56.5732484076
213911,-443.5,-56.4968152866
214024,-444.9,-56.6751592357
214138,-444.4,-56.6114649682
214251,-443.8,-56.5350318471
214364,-443.8,-56.5350318471
214478,-445,-56.6878980892
214592,-444.8,-56.6624203822
214706,-443.5,-56.4968152866
214819,-443,-56.4331210191
214932,-443.6,-56.5095541401
215047,-445.2,-56.7133757962
215161,-443.5,-56.4968152866
215274,-442.5,-56.3694267516
215386,-441.1,-56.1910828025
215497,-440.4,-56.101910828
215608,-442.2,-56.3312101911
215723,-445.3,-56.7261146497
215839,-443.5,-56.4968152866
215955,-445.5,-56.7515923567
216075,-448.4,-57.1210191083
216197,-449,-57.1974522293
216319,-447.3,-56.9808917197
216439,-447.4,-56.9936305732
216560,-447.1,-56.9554140127
216678,-442.8,-56.4076433121
216792,-440.7,-56.1401273885
216904,-440.2,-56.076433121
217018,-441.7,-56.2675159236
217131,-440.7,-56.1401273885
217244,-439.4,-55.974522293
217356,-440.3,-56.0891719745
217470,-440.9,-56.1656050955
217584,-441.3,-56.2165605096
217699,-441.1,-56.1910828025
217817,-447.1,-56.9554140127
217939,-446.2,-56.8407643312
218060,-445,-56.6878980892
218181,-445.7,-56.7770700637
218303,-446.3,-56.8535031847
218426,-447,-56.9426751592
218551,-449.5,-57.2611464968
218681,-453.1,-57.7197452229
218814,-452.9,-57.6942675159
218946,-451.3,-57.4904458599
219076,-451,-57.4522292994
219207,-451.4,-57.5031847134
219339,-452.5,-57.6433121019
219472,-453.5,-57.7707006369
219605,-450.4,-57.3757961783
219738,-453.8,-57.8089171975
219878,-459.5,-58.5350318471
220023,-459.1,-58.4840764331
220167,-458.5,-58.4076433121
220312,-459.7,-58.5605095541
220461,-463,-58.9808917197
220613,-462,-58.8535031847
220761,-459,-58.4713375796
220907,-459.8,-58.5732484076
221058,-463,-58.9808917197
221210,-462.1,-58.8662420382
221363,-462.4,-58.9044585987
221520,-467.4,-59.5414012739
221684,-469.8,-59.847133758
221850,-468.7,-59.7070063694
222015,-468.9,-59.7324840764
222182,-469.8,-59.847133758
222355,-474.9,-60.4968152866
222535,-476.2,-60.6624203822
222711,-471.3,-60.0382165605
222885,-473,-60.2547770701
223062,-474.5,-60.4458598726
223240,-473.7,-60.3439490446
223420,-476.2,-60.6624203822
223605,-478.2,-60.9171974522
223792,-478,-60.8917197452
223979,-477.7,-60.8535031847
224164,-476.6,-60.7133757962
224351,-478.3,-60.9299363057
224536,-475.6,-60.5859872611
224716,-472.4,-60.178343949
224888,-467.8,-59.5923566879
225058,-469.8,-59.847133758
225229,-469.7,-59.8343949045
225399,-467.8,-59.5923566879
225562,-462.5,-58.9171974522
225726,-468.4,-59.6687898089
225900,-472.2,-60.152866242
226072,-467,-59.4904458599
226238,-466.2,-59.3885350318
226408,-469.8,-59.847133758
226582,-470.8,-59.974522293
226758,-472.1,-60.1401273885
226939,-475.2,-60.5350318471
227128,-479.2,-61.0445859873
227321,-478.8,-60.9936305732
227512,-476.3,-60.6751592357
227699,-475.9,-60.6242038217
227883,-474.1,-60.3949044586
228064,-472.3,-60.1656050955
228241,-469.4,-59.7961783439
228416,-470.6,-59.949044586
228596,-474.4,-60.4331210191
228783,-477.6,-60.8407643312
228974,-477.7,-60.8535031847
229165,-476.9,-60.7515923567
229354,-475.9,-60.6242038217
229541,-475.2,-60.5350318471
229726,-474.2,-60.4076433121
229909,-472.1,-60.1401273885
230088,-471,-60
230264,-469.3,-59.7834394904
230440,-471.3,-60.0382165605
230618,-470,-59.872611465
230794,-470.2,-59.898089172
230972,-471.1,-60.0127388535
231146,-466.8,-59.4649681529
231315,-465.6,-59.3121019108
231482,-465.2,-59.2611464968
231649,-464.7,-59.1974522293
231815,-464.5,-59.1719745223
231979,-462.2,-58.8789808917
232140,-461.3,-58.7643312102
232299,-460.4,-58.6496815287
232458,-460.9,-58.7133757962
232617,-460.2,-58.6242038217
232774,-458.8,-58.4458598726
232930,-458.2,-58.3694267516
233083,-456.1,-58.101910828
233236,-457.5,-58.2802547771
233390,-457.9,-58.3312101911
233542,-455.2,-57.9872611465
233691,-452.9,-57.6942675159
233836,-451.2,-57.4777070064
233979,-449.6,-57.2738853503
234122,-452.3,-57.6178343949
234268,-451.6,-57.5286624204
234411,-448.9,-57.1847133758
234552,-448.9,-57.1847133758
234694,-449.1,-57.2101910828
234837,-451.5,-57.5159235669
234984,-452.2,-57.6050955414
235129,-450.2,-57.3503184713
235271,-447.1,-56.9554140127
235411,-447,-56.9426751592
235552,-448.9,-57.1847133758
235694,-448.2,-57.0955414013
235836,-448,-57.0700636943
235977,-446.6,-56.8917197452
236114,-443.9,-56.5477707006
236250,-443.6,-56.5095541401
236385,-441.8,-56.2802547771
236518,-442.1,-56.3184713376
236652,-441.9,-56.2929936306
236785,-440.6,-56.127388535
236916,-438.5,-55.8598726115
237043,-434.2,-55.3121019108
237166,-433.8,-55.2611464968
237288,-431.8,-55.0063694268
237410,-432.5,-55.0955414013
237529,-428.4,-54.5732484076
237643,-424.1,-54.025477707
237755,-424,-54.0127388535
237866,-422.4,-53.8089171975
237975,-421.1,-53.6433121019
238084,-421.7,-53.7197452229
238194,-422.8,-53.8598726115
238306,-423.6,-53.9617834395
238419,-424.1,-54.025477707
238532,-424.7,-54.101910828
238647,-426.1,-54.2802547771
238764,-427.1,-54.4076433121
238883,-427.8,-54.4968152866
239003,-429.5,-54.7133757962
239125,-430.2,-54.8025477707
239248,-430.7,-54.8662420382
239375,-434.4,-55.3375796178
239506,-436.5,-55.6050955414
239642,-440.9,-56.1656050955
239784,-443.6,-56.5095541401
239931,-446.2,-56.8407643312
240080,-445.5,-56.7515923567
240231,-448.2,-57.0955414013
240387,-451.1,-57.4649681529
240548,-453,-57.7070063694
240711,-453.6,-57.7834394904
240877,-455.3,-58
241048,-457.1,-58.2292993631
241224,-460.9,-58.7133757962
241406,-463.3,-59.0191082803
241596,-466.6,-59.4394904459
241792,-469,-59.7452229299
241991,-468.3,-59.6560509554
242187,-466.8,-59.4649681529
242382,-466.4,-59.4140127389
242576,-466,-59.3630573248
242770,-465.4,-59.2866242038
242959,-461.6,-58.8025477707
243144,-461,-58.7261146497
243330,-462.5,-58.9171974522
243519,-464.2,-59.1337579618
243714,-467,-59.4904458599
243916,-469.7,-59.8343949045
244124,-472.4,-60.178343949
244337,-473.1,-60.2675159236
244551,-473.6,-60.3312101911
244767,-473.9,-60.3694267516
244983,-473.3,-60.2929936306
245196,-471.8,-60.101910828
245407,-471,-60
245618,-471.8,-60.101910828
245834,-474.7,-60.4713375796
246053,-474,-60.3821656051
246269,-472.8,-60.2292993631
246485,-472.6,-60.2038216561
246700,-472.3,-60.1656050955
246917,-474.1,-60.3949044586
247135,-473.2,-60.2802547771
247351,-471.3,-60.0382165605
247566,-472.4,-60.178343949
247785,-474.5,-60.4458598726
248007,-474.5,-60.4458598726
248229,-474.3,-60.4203821656
248453,-475.9,-60.6242038217
248680,-476.2,-60.6624203822
248907,-475.2,-60.5350318471
249128,-472.3,-60.1656050955
249345,-470.8,-59.974522293
249560,-470.6,-59.949044586
249772,-468.4,-59.6687898089
249984,-470.1,-59.8853503185
250199,-470.9,-59.9872611465
250413,-468.8,-59.7197452229
250618,-463.6,-59.0573248408
250818,-463.5,-59.0445859873
251021,-466.1,-59.3757961783
251231,-469.8,-59.847133758
251448,-470.7,-59.9617834395
251666,-470.8,-59.974522293
251883,-469.3,-59.7834394904
252102,-472.6,-60.2038216561
252329,-474.8,-60.4840764331
252553,-470.8,-59.974522293
252769,-467.9,-59.6050955414
252986,-471.2,-60.025477707
253213,-474.7,-60.4713375796
253442,-473.5,-60.3184713376
253670,-473.2,-60.2802547771
253896,-471.7,-60.0891719745
254121,-472.4,-60.178343949
254345,-470.6,-59.949044586
254560,-465.5,-59.2993630573
254767,-462.7,-58.9426751592
254972,-464.3,-59.1464968153
255183,-466.4,-59.4140127389
255399,-468.7,-59.7070063694
255620,-470.1,-59.8853503185
255844,-470.3,-59.9108280255
256068,-469.8,-59.847133758
256294,-471.8,-60.101910828
256525,-473.3,-60.2929936306
256759,-473.2,-60.2802547771
256994,-474.4,-60.4331210191
257234,-476.1,-60.6496815287
257479,-477.1,-60.7770700637
257726,-477.8,-60.8662420382
257975,-478.7,-60.9808917197
258224,-476.6,-60.7133757962
258471,-477.6,-60.8407643312
258723,-479.7,-61.1082802548
258978,-479.5,-61.0828025478
259235,-480.2,-61.1719745223
259492,-480,-61.1464968153
259750,-479.6,-61.0955414013
260009,-481.5,-61.3375796178
260272,-481.6,-61.3503184713
260536,-481.3,-61.3121019108
260801,-482.9,-61.5159235669
261069,-482.4,-61.4522292994
261336,-482.4,-61.4522292994
261602,-481,-61.2738853503
261865,-480.8,-61.2484076433
262131,-482.4,-61.4522292994
262399,-481.7,-61.3630573248
262665,-481.2,-61.2993630573
262933,-482.5,-61.4649681529
263201,-480.8,-61.2484076433
263466,-480.5,-61.2101910828
263732,-481.9,-61.3885350318
264004,-483.3,-61.5668789809
264273,-479.7,-61.1082802548
264533,-477.3,-60.8025477707
264792,-479.4,-61.0700636943
265055,-479.4,-61.0700636943
265321,-481.1,-61.2866242038
265595,-483.8,-61.6305732484
265865,-479.1,-61.0318471338
266123,-475.5,-60.5732484076
266380,-478.1,-60.9044585987
266643,-479,-61.0191082803
266905,-477.8,-60.8662420382
267167,-478.5,-60.9554140127
267431,-478.5,-60.9554140127
267692,-476.3,-60.6751592357
267946,-473.8,-60.3566878981
268194,-472.2,-60.152866242
268435,-468.4,-59.6687898089
268677,-472.4,-60.178343949
268926,-473.4,-60.3057324841
269178,-473.8,-60.3566878981
269429,-472.7,-60.2165605096
269678,-472.4,-60.178343949
269926,-471.7,-60.0891719745
270169,-468.6,-59.6942675159
270409,-469,-59.7452229299
270648,-467.8,-59.5923566879
270883,-465.7,-59.3248407643
271114,-464.9,-59.2229299363
271347,-467.1,-59.5031847134
271584,-467.7,-59.5796178344
271822,-467.3,-59.5286624204
272053,-462.3,-58.8917197452
272276,-461.2,-58.7515923567
272500,-463.2,-59.0063694268
272724,-461.8,-58.8280254777
272946,-460.6,-58.6751592357
273166,-460.3,-58.6369426752
273385,-460.3,-58.6369426752
273605,-460.4,-58.6496815287
273827,-461.8,-58.8280254777
274048,-459.2,-58.4968152866
274263,-457.7,-58.3057324841
274477,-457.6,-58.2929936306
274692,-458.6,-58.4203821656
274909,-458.7,-58.4331210191
275127,-459.8,-58.5732484076
275344,-457.5,-58.2802547771
275559,-457.4,-58.2675159236
275772,-456.4,-58.1401273885
275983,-455.5,-58.025477707
276195,-456.2,-58.1146496815
276409,-457.1,-58.2292993631
276622,-455.5,-58.025477707
276830,-452.7,-57.6687898089
277036,-453.5,-57.7707006369
277246,-455.5,-58.025477707
277460,-457.2,-58.2420382166
277680,-459.3,-58.5095541401
277903,-459.6,-58.5477707006
278130,-462.3,-58.8917197452
278361,-462.4,-58.9044585987
278593,-462.2,-58.8789808917
278825,-462.1,-58.8662420382
279057,-462.1,-58.8662420382
279292,-463.4,-59.0318471338
279533,-465.9,-59.3503184713
279781,-468.2,-59.6433121019
280038,-472.2,-60.152866242
280303,-472.2,-60.152866242
280564,-469.1,-59.7579617834
280817,-466.6,-59.4394904459
281071,-468.6,-59.6942675159
281332,-471.2,-60.025477707
281602,-473.4,-60.3057324841
281875,-472.6,-60.2038216561
282143,-469.9,-59.8598726115
282405,-468.1,-59.6305732484
282661,-464.9,-59.2229299363
282910,-463,-58.9808917197
283160,-465.2,-59.2611464968
283417,-467.1,-59.5031847134
283677,-467,-59.4904458599
283941,-469.4,-59.7961783439
284218,-474.7,-60.4713375796
284508,-477.3,-60.8025477707
284804,-477.5,-60.8280254777
285102,-478.4,-60.9426751592
285398,-475.6,-60.5859872611
285686,-473,-60.2547770701
285968,-472,-60.127388535
286248,-471.2,-60.025477707
286525,-470.2,-59.898089172
286802,-470.6,-59.949044586
287079,-469.5,-59.8089171975
287351,-467.5,-59.5541401274
287617,-465.5,-59.2993630573
287879,-464.4,-59.1592356688
288145,-468,-59.6178343949
288418,-468.8,-59.7197452229
288698,-472.1,-60.1401273885
288986,-473.1,-60.2675159236
289271,-470.5,-59.9363057325
289549,-468.2,-59.6433121019
289823,-467.6,-59.5668789809
290100,-470.3,-59.9108280255
290382,-470.4,-59.923566879
290660,-466.8,-59.4649681529
290929,-465.4,-59.2866242038
291193,-462.5,-58.9171974522
291455,-464.3,-59.1464968153
291721,-465.2,-59.2611464968
291986,-462.6,-58.9299363057
292242,-459.7,-58.5605095541
292490,-456.1,-58.101910828
292732,-455.8,-58.0636942675
292976,-457.1,-58.2292993631
293232,-463.7,-59.0700636943
293502,-466.5,-59.4267515924
293779,-467.3,-59.5286624204
294060,-468.9,-59.7324840764
294348,-471.7,-60.0891719745
294637,-468.7,-59.7070063694
294919,-467.4,-59.5414012739
295198,-466.2,-59.3885350318
295474,-465.2,-59.2611464968
295749,-465.1,-59.2484076433
296020,-462.9,-58.9681528662
296289,-462.7,-58.9426751592
296562,-465.8,-59.3375796178
296840,-465.1,-59.2484076433
297116,-464.5,-59.1719745223
297393,-465.1,-59.2484076433
297669,-463.9,-59.0955414013
297943,-463.2,-59.0063694268
298215,-462.7,-58.9426751592
298485,-461,-58.7261146497
298749,-458.7,-58.4331210191
299012,-460.1,-58.6114649682
299275,-458,-58.3439490446
299533,-456.6,-58.1656050955
299788,-455,-57.9617834395
300039,-454.4,-57.8853503185
300293,-455.5,-58.025477707
300547,-454.7,-57.923566879
300799,-453.7,-57.7961783439
301052,-454.9,-57.949044586
301305,-453.4,-57.7579617834
301560,-455.8,-58.0636942675
301813,-451,-57.4522292994
302061,-452.4,-57.6305732484
302320,-457.7,-58.3057324841
302583,-455,-57.9617834395
302834,-449.5,-57.2611464968
303077,-448,-57.0700636943
303316,-446.2,-56.8407643312
303558,-449.8,-57.2993630573
303810,-453,-57.7070063694
304068,-453.9,-57.821656051
304333,-456.5,-58.152866242
304606,-459,-58.4713375796
304886,-460.5,-58.6624203822
305171,-461.6,-58.8025477707
305463,-464.6,-59.1847133758
305764,-466.5,-59.4267515924
306073,-468.2,-59.6433121019
306386,-468.9,-59.7324840764
306698,-466.5,-59.4267515924
307005,-466.2,-59.3885350318
307309,-464,-59.1082802548
307608,-463.2,-59.0063694268
307908,-463.9,-59.0955414013
308206,-462.2,-58.8789808917
308500,-460.3,-58.6369426752
308789,-459.5,-58.5350318471
309077,-459,-58.4713375796
309365,-458.8,-58.4458598726
309651,-458,-58.3439490446
309934,-456.2,-58.1146496815
310215,-455.8,-58.0636942675
310493,-454.3,-57.872611465
310766,-452.6,-57.6560509554
311035,-451.2,-57.4777070064
311302,-450.4,-57.3757961783
311568,-450.1,-57.3375796178
311832,-449.5,-57.2611464968
312099,-450.9,-57.4394904459
312367,-450.4,-57.3757961783
312634,-450.1,-57.3375796178
312899,-447.9,-57.0573248408
313159,-447.2,-56.9681528662
313418,-446.2,-56.8407643312
313674,-444.7,-56.6496815287
313928,-445,-56.6878980892
314183,-445,-56.6878980892
314438,-444.8,-56.6624203822
314692,-443.6,-56.5095541401
314943,-443,-56.4331210191
315194,-443,-56.4331210191
315443,-441.1,-56.1910828025
315689,-440.3,-56.0891719745
315934,-440.3,-56.0891719745
316179,-440.7,-56.1401273885
316424,-438.8,-55.898089172
316666,-438.9,-55.9108280255
316910,-439.9,-56.0382165605
317155,-439.2,-55.949044586
317401,-440.4,-56.101910828
317649,-440.6,-56.127388535
317897,-439,-55.923566879
318141,-438.4,-55.847133758
318385,-438.1,-55.8089171975
318628,-437,-55.6687898089
318872,-438.1,-55.8089171975
319118,-437.9,-55.7834394904
319364,-436.9,-55.6560509554
319608,-436.3,-55.5796178344
319853,-436.7,-55.6305732484
320102,-438.2,-55.821656051
320354,-438.4,-55.847133758
320607,-437.7,-55.7579617834
320856,-434.7,-55.3757961783
321095,-430,-54.7770700637
321329,-429.1,-54.6624203822
321559,-426.5,-54.3312101911
321783,-423.2,-53.9108280255
322000,-420.2,-53.5286624204
322214,-418.8,-53.3503184713
322426,-418.7,-53.3375796178
322638,-416.2,-53.0191082803
322847,-415.9,-52.9808917197
323057,-416.2,-53.0191082803
323269,-415.8,-52.9681528662
323482,-414.9,-52.8535031847
323695,-415.2,-52.8917197452
323911,-415.5,-52.9299363057
324129,-414.8,-52.8407643312
324349,-415.6,-52.9426751592
324574,-417.2,-53.1464968153
324804,-419,-53.3757961783
325039,-420.3,-53.5414012739
325278,-421,-53.6305732484
325527,-426.3,-54.3057324841
325789,-430,-54.7770700637
326061,-431.7,-54.9936305732
326342,-435.9,-55.5286624204
326639,-440.5,-56.1146496815
326952,-444.4,-56.6114649682
327273,-444.5,-56.6242038217
327597,-445.4,-56.7388535032
327924,-445.9,-56.8025477707
328258,-448.3,-57.1082802548
328602,-450.6,-57.4012738854
328955,-452.3,-57.6178343949
329318,-455.6,-58.0382165605
329694,-457.8,-58.3184713376
330081,-459.9,-58.5859872611
330476,-461.4,-58.7770700637
330883,-465,-59.2356687898
331300,-465.8,-59.3375796178
331725,-467.8,-59.5923566879
332164,-471.5,-60.0636942675
332624,-475.8,-60.6114649682
333106,-479.4,-61.0700636943
333602,-480.7,-61.2356687898
334101,-480.3,-61.1847133758
334600,-480.4,-61.1974522293
335100,-480.1,-61.1592356688
335595,-478.4,-60.9426751592
336081,-476.6,-60.7133757962
336567,-477.5,-60.8280254777
337055,-476.7,-60.7261146497
337544,-477.4,-60.8152866242
338033,-475.8,-60.6114649682
338521,-476.6,-60.7133757962
339015,-477.2,-60.7898089172
339505,-474.6,-60.4585987261
339993,-475.5,-60.5732484076
340490,-477.3,-60.8025477707
340984,-473.9,-60.3694267516
341462,-470.4,-59.923566879
341930,-470,-59.872611465
342401,-470.3,-59.9108280255
342879,-471.8,-60.101910828
343364,-472,-60.127388535
343853,-472.6,-60.2038216561
344348,-473,-60.2547770701
344839,-470.5,-59.9363057325
345327,-471.3,-60.0382165605
345821,-471.7,-60.0891719745
346319,-472.3,-60.1656050955
346823,-472.8,-60.2292993631
347330,-472.7,-60.2165605096
347841,-473.3,-60.2929936306
348357,-474.1,-60.3949044586
348877,-473.9,-60.3694267516
349404,-475.8,-60.6114649682
349945,-477.6,-60.8407643312
350493,-477.8,-60.8662420382
351044,-477.9,-60.8789808917
351596,-477.5,-60.8280254777
352150,-478,-60.8917197452
352710,-478.9,-61.0063694268
353273,-478.6,-60.9681528662
353838,-478.7,-60.9808917197
354400,-477.3,-60.8025477707
354958,-477.1,-60.7770700637
355512,-475.5,-60.5732484076
356060,-474.5,-60.4458598726
356612,-476.4,-60.6878980892
357167,-475.1,-60.5222929936
357712,-472.6,-60.2038216561
358247,-471.6,-60.076433121
358786,-473.2,-60.2802547771
359327,-471.9,-60.1146496815
359855,-468.3,-59.6560509554
360376,-468.9,-59.7324840764
360904,-469.9,-59.8598726115
361440,-471.1,-60.0127388535
361973,-468.4,-59.6687898089
362503,-469.1,-59.7579617834
363042,-470.9,-59.9872611465
363580,-468,-59.6178343949
364114,-468.7,-59.7070063694
364659,-470.9,-59.9872611465
365208,-468.9,-59.7324840764
365743,-466,-59.3630573248
366267,-464.3,-59.1464968153
366784,-462.5,-58.9171974522
367297,-462.6,-58.9299363057
367816,-463.3,-59.0191082803
368329,-460.2,-58.6242038217
368829,-457.6,-58.2929936306
369331,-460.7,-58.6878980892
369858,-464.9,-59.2229299363
370403,-466.1,-59.3757961783
370960,-468.1,-59.6305732484
371545,-473.8,-60.3566878981
372149,-473.3,-60.2929936306
372746,-470.8,-59.974522293
373331,-469.4,-59.7961783439
373909,-468,-59.6178343949
374478,-466.1,-59.3757961783
375042,-465.8,-59.3375796178
375604,-464.8,-59.2101910828
376155,-461.7,-58.8152866242
376690,-458.9,-58.4585987261
377204,-454.2,-57.8598726115
377702,-452.6,-57.6560509554
378210,-457.1,-58.2292993631
378743,-460.6,-58.6751592357
379297,-462.7,-58.9426751592
379864,-464.3,-59.1464968153
380435,-463.1,-58.9936305732
380997,-461,-58.7261146497
381551,-459.4,-58.5222929936
382095,-457.4,-58.2675159236
382622,-452.6,-57.6560509554
383134,-451.4,-57.5031847134
383641,-450.1,-57.3375796178
384159,-454.5,-57.898089172
384710,-459.6,-58.5477707006
385288,-462.2,-58.8789808917
385894,-467.1,-59.5031847134
386528,-468.8,-59.7197452229
387167,-467.6,-59.5668789809
387804,-467.2,-59.5159235669
388435,-464.8,-59.2101910828
389061,-465.1,-59.2484076433
389700,-467.3,-59.5286624204
390349,-466.7,-59.4522292994
390999,-466.8,-59.4649681529
391658,-468.3,-59.6560509554
392317,-465.7,-59.3248407643
392972,-466.6,-59.4394904459
393636,-467.2,-59.5159235669
394297,-465,-59.2356687898
394935,-460.3,-58.6369426752
395543,-455.6,-58.0382165605
396126,-451.9,-57.5668789809
396694,-450.5,-57.3885350318
397253,-448.6,-57.1464968153
397808,-448.3,-57.1082802548
398361,-447.2,-56.9681528662
398909,-445.9,-56.8025477707
399455,-445.9,-56.8025477707
400003,-446,-56.8152866242
400553,-445.8,-56.7898089172
401097,-443.5,-56.4968152866
401636,-443.2,-56.4585987261
402179,-444.4,-56.6114649682
402728,-444.4,-56.6114649682
403276,-443.3,-56.4713375796
403815,-440.9,-56.1656050955
404346,-439.8,-56.025477707
404874,-439.5,-55.9872611465
405401,-438.6,-55.872611465
405923,-437.1,-55.6815286624
406441,-436.5,-55.6050955414
406957,-435.6,-55.4904458599
407469,-434.4,-55.3375796178
407977,-433.7,-55.2484076433
408485,-433.3,-55.1974522293
408992,-432.3,-55.0700636943
409496,-431.4,-54.9554140127
409995,-429.3,-54.6878980892
410483,-426.4,-54.3184713376
410979,-431.6,-54.9808917197
411492,-431.2,-54.9299363057
412009,-431.9,-55.0191082803
412533,-432.4,-55.0828025478
413062,-432.8,-55.1337579618
413601,-434.5,-55.3503184713
414147,-434.2,-55.3121019108
414692,-432.8,-55.1337579618
415235,-432.2,-55.0573248408
415781,-432.3,-55.0700636943
416327,-431.1,-54.9171974522
416872,-430.8,-54.8789808917
417419,-430.3,-54.8152866242
417969,-430.4,-54.8280254777
418526,-431.1,-54.9171974522
419095,-433,-55.1592356688
419682,-435.5,-55.4777070064
420281,-435.2,-55.4394904459
420888,-436.4,-55.5923566879
421507,-437.3,-55.7070063694
422135,-437.6,-55.7452229299
422766,-436.6,-55.6178343949
